OrderDetailID,OrderID,ProductID,Quantity,SalePrice,ImportPrice,SubTotal
1,1,3,1,18990000,15000000,18990000
2,2,14,2,13990000,10000000,27980000
3,3,7,1,23990000,18500000,23990000
4,3,5,2,8490000,6500000,16980000
5,3,15,1,4990000,3500000,4990000
6,4,9,1,20990000,16000000,20990000
7,5,15,2,4990000,3500000,9980000
8,5,17,1,2990000,2200000,2990000
9,6,6,1,39990000,32000000,39990000
10,6,24,3,390000,180000,1170000
11,6,15,2,4990000,3500000,9980000
12,7,22,2,24990000,18000000,49980000
13,8,20,1,16990000,12000000,16990000
14,9,2,1,22990000,18000000,22990000
15,9,21,1,7490000,5500000,7490000
16,10,2,2,22990000,18000000,45980000
17,10,5,2,8490000,6500000,16980000
18,11,4,1,10990000,8500000,10990000
19,12,18,1,23990000,18000000,23990000
20,12,11,1,32990000,25000000,32990000
21,12,25,1,490000,250000,490000
22,13,10,1,7490000,5500000,7490000
23,14,13,1,7490000,5500000,7490000
24,15,12,2,23990000,18000000,47980000
25,16,8,1,28990000,22000000,28990000
26,16,21,2,7490000,5500000,14980000
27,16,24,2,390000,180000,780000
28,17,3,2,18990000,15000000,37980000
29,18,22,2,24990000,18000000,49980000
30,19,10,1,7490000,5500000,7490000
31,20,20,2,16990000,12000000,33980000
32,20,22,1,24990000,18000000,24990000
33,21,23,3,12990000,9000000,38970000
34,21,10,1,7490000,5500000,7490000
35,22,14,2,13990000,10000000,27980000
36,23,22,1,24990000,18000000,24990000
37,23,13,1,7490000,5500000,7490000
38,23,1,1,27990000,22000000,27990000
39,24,7,2,23990000,18500000,47980000
40,24,9,1,20990000,16000000,20990000
41,24,24,1,390000,180000,390000
42,25,4,2,10990000,8500000,21980000
43,26,12,3,23990000,18000000,71970000
44,27,13,1,7490000,5500000,7490000
45,28,15,1,4990000,3500000,4990000
46,28,23,3,12990000,9000000,38970000
47,28,13,1,7490000,5500000,7490000
48,29,23,2,12990000,9000000,25980000
49,29,13,2,7490000,5500000,14980000
50,29,6,1,39990000,32000000,39990000
51,30,18,1,23990000,18000000,23990000
52,30,8,1,28990000,22000000,28990000
53,30,15,1,4990000,3500000,4990000
54,30,17,1,2990000,2200000,2990000
55,31,14,1,13990000,10000000,13990000
56,31,9,1,20990000,16000000,20990000
57,32,25,1,490000,250000,490000
58,33,7,1,23990000,18500000,23990000
59,34,7,2,23990000,18500000,47980000
60,35,3,1,18990000,15000000,18990000
61,35,24,1,390000,180000,390000
62,35,22,1,24990000,18000000,24990000
63,36,6,2,39990000,32000000,79980000
64,36,12,2,23990000,18000000,47980000
65,37,11,2,32990000,25000000,65980000
66,38,16,1,4990000,3800000,4990000
67,39,4,1,10990000,8500000,10990000
68,39,8,2,28990000,22000000,57980000
69,39,19,2,69990000,55000000,139980000
70,40,25,1,490000,250000,490000
71,40,15,1,4990000,3500000,4990000
72,40,12,1,23990000,18000000,23990000
73,41,10,2,7490000,5500000,14980000
74,42,2,1,22990000,18000000,22990000
75,42,12,1,23990000,18000000,23990000
76,42,6,1,39990000,32000000,39990000
77,43,8,1,28990000,22000000,28990000
78,44,24,1,390000,180000,390000
79,44,13,2,7490000,5500000,14980000
80,44,14,1,13990000,10000000,13990000
81,45,6,1,39990000,32000000,39990000
82,45,19,1,69990000,55000000,69990000
83,46,21,1,7490000,5500000,7490000
84,46,10,2,7490000,5500000,14980000
85,46,2,1,22990000,18000000,22990000
86,46,9,2,20990000,16000000,41980000
87,47,3,1,18990000,15000000,18990000
88,47,6,1,39990000,32000000,39990000
89,47,19,2,69990000,55000000,139980000
90,47,8,1,28990000,22000000,28990000
91,48,23,2,12990000,9000000,25980000
92,49,16,2,4990000,3800000,9980000
93,50,17,1,2990000,2200000,2990000
94,50,18,1,23990000,18000000,23990000
95,51,8,1,28990000,22000000,28990000
96,51,9,1,20990000,16000000,20990000
97,52,2,1,22990000,18000000,22990000
98,53,22,1,24990000,18000000,24990000
99,54,6,1,39990000,32000000,39990000
100,55,1,1,27990000,22000000,27990000
101,56,12,2,23990000,18000000,47980000
102,57,6,1,39990000,32000000,39990000
103,58,1,1,27990000,22000000,27990000
104,59,12,2,23990000,18000000,47980000
105,59,16,2,4990000,3800000,9980000
106,59,14,2,13990000,10000000,27980000
107,59,18,1,23990000,18000000,23990000
108,60,2,1,22990000,18000000,22990000
109,61,20,1,16990000,12000000,16990000
110,62,9,2,20990000,16000000,41980000
111,62,3,1,18990000,15000000,18990000
112,63,23,2,12990000,9000000,25980000
113,63,15,2,4990000,3500000,9980000
114,63,14,1,13990000,10000000,13990000
115,64,7,1,23990000,18500000,23990000
116,65,23,1,12990000,9000000,12990000
117,65,1,1,27990000,22000000,27990000
118,66,22,1,24990000,18000000,24990000
119,66,19,2,69990000,55000000,139980000
120,66,1,1,27990000,22000000,27990000
121,67,10,1,7490000,5500000,7490000
122,68,4,2,10990000,8500000,21980000
123,68,10,2,7490000,5500000,14980000
124,69,10,1,7490000,5500000,7490000
125,69,9,1,20990000,16000000,20990000
126,69,24,1,390000,180000,390000
127,70,10,1,7490000,5500000,7490000
128,71,9,1,20990000,16000000,20990000
129,72,17,1,2990000,2200000,2990000
130,72,8,1,28990000,22000000,28990000
131,73,11,2,32990000,25000000,65980000
132,73,24,1,390000,180000,390000
133,74,4,1,10990000,8500000,10990000
134,75,4,1,10990000,8500000,10990000
135,76,21,1,7490000,5500000,7490000
136,76,7,1,23990000,18500000,23990000
137,77,2,1,22990000,18000000,22990000
138,78,23,1,12990000,9000000,12990000
139,79,21,1,7490000,5500000,7490000
140,79,17,1,2990000,2200000,2990000
141,79,20,1,16990000,12000000,16990000
142,80,18,1,23990000,18000000,23990000
143,80,10,1,7490000,5500000,7490000
144,80,1,1,27990000,22000000,27990000
145,81,18,1,23990000,18000000,23990000
146,81,10,1,7490000,5500000,7490000
147,81,12,2,23990000,18000000,47980000
148,81,6,1,39990000,32000000,39990000
149,82,7,1,23990000,18500000,23990000
150,83,18,1,23990000,18000000,23990000
151,84,25,1,490000,250000,490000
152,84,12,1,23990000,18000000,23990000
153,84,5,2,8490000,6500000,16980000
154,85,20,3,16990000,12000000,50970000
155,85,22,3,24990000,18000000,74970000
156,86,5,1,8490000,6500000,8490000
157,86,10,2,7490000,5500000,14980000
158,86,23,2,12990000,9000000,25980000
159,87,18,1,23990000,18000000,23990000
160,88,1,1,27990000,22000000,27990000
161,88,16,2,4990000,3800000,9980000
162,88,8,1,28990000,22000000,28990000
163,88,21,1,7490000,5500000,7490000
164,89,12,1,23990000,18000000,23990000
165,90,2,1,22990000,18000000,22990000
166,90,3,1,18990000,15000000,18990000
167,91,25,1,490000,250000,490000
168,91,15,2,4990000,3500000,9980000
169,92,21,1,7490000,5500000,7490000
170,93,25,2,490000,250000,980000
171,93,24,1,390000,180000,390000
172,94,25,1,490000,250000,490000
173,94,16,1,4990000,3800000,4990000
174,94,5,2,8490000,6500000,16980000
175,95,12,2,23990000,18000000,47980000
176,95,18,1,23990000,18000000,23990000
177,96,3,1,18990000,15000000,18990000
178,97,1,1,27990000,22000000,27990000
179,98,23,1,12990000,9000000,12990000
180,98,1,1,27990000,22000000,27990000
181,98,6,1,39990000,32000000,39990000
182,99,6,1,39990000,32000000,39990000
183,100,21,1,7490000,5500000,7490000
184,100,11,1,32990000,25000000,32990000
185,100,24,1,390000,180000,390000
186,101,15,1,4990000,3500000,4990000
187,101,7,2,23990000,18500000,47980000
188,102,7,2,23990000,18500000,47980000
189,103,8,2,28990000,22000000,57980000
190,104,3,1,18990000,15000000,18990000
191,104,21,1,7490000,5500000,7490000
192,105,21,2,7490000,5500000,14980000
193,105,18,1,23990000,18000000,23990000
194,105,14,1,13990000,10000000,13990000
195,105,20,3,16990000,12000000,50970000
196,106,5,3,8490000,6500000,25470000
197,107,20,1,16990000,12000000,16990000
198,107,10,1,7490000,5500000,7490000
199,108,22,1,24990000,18000000,24990000
200,108,15,1,4990000,3500000,4990000
201,108,7,1,23990000,18500000,23990000
202,109,4,2,10990000,8500000,21980000
203,110,7,3,23990000,18500000,71970000
204,110,5,2,8490000,6500000,16980000
205,111,2,2,22990000,18000000,45980000
206,112,7,1,23990000,18500000,23990000
207,112,17,1,2990000,2200000,2990000
208,112,25,1,490000,250000,490000
209,112,1,1,27990000,22000000,27990000
210,113,6,1,39990000,32000000,39990000
211,114,10,2,7490000,5500000,14980000
212,115,11,1,32990000,25000000,32990000
213,115,21,1,7490000,5500000,7490000
214,116,20,1,16990000,12000000,16990000
215,117,12,2,23990000,18000000,47980000
216,117,23,2,12990000,9000000,25980000
217,118,9,3,20990000,16000000,62970000
218,119,18,1,23990000,18000000,23990000
219,119,3,2,18990000,15000000,37980000
220,119,22,1,24990000,18000000,24990000
221,120,8,1,28990000,22000000,28990000
222,120,2,1,22990000,18000000,22990000
223,120,5,1,8490000,6500000,8490000
224,120,18,1,23990000,18000000,23990000
225,121,24,2,390000,180000,780000
226,122,10,3,7490000,5500000,22470000
227,123,19,1,69990000,55000000,69990000
228,123,9,2,20990000,16000000,41980000
229,124,20,1,16990000,12000000,16990000
230,125,11,1,32990000,25000000,32990000
231,125,16,1,4990000,3800000,4990000
232,126,17,1,2990000,2200000,2990000
233,127,25,1,490000,250000,490000
234,128,24,2,390000,180000,780000
235,128,7,1,23990000,18500000,23990000
236,128,4,1,10990000,8500000,10990000
237,128,18,1,23990000,18000000,23990000
238,129,1,1,27990000,22000000,27990000
239,130,9,2,20990000,16000000,41980000
240,130,12,1,23990000,18000000,23990000
241,131,17,1,2990000,2200000,2990000
242,132,10,1,7490000,5500000,7490000
243,132,20,1,16990000,12000000,16990000
244,133,15,1,4990000,3500000,4990000
245,134,6,1,39990000,32000000,39990000
246,135,14,2,13990000,10000000,27980000
247,136,17,2,2990000,2200000,5980000
248,137,9,2,20990000,16000000,41980000
249,138,15,1,4990000,3500000,4990000
250,138,18,3,23990000,18000000,71970000
251,139,4,1,10990000,8500000,10990000
252,139,5,2,8490000,6500000,16980000
253,140,17,1,2990000,2200000,2990000
254,140,19,1,69990000,55000000,69990000
255,141,20,1,16990000,12000000,16990000
256,141,2,1,22990000,18000000,22990000
257,142,21,1,7490000,5500000,7490000
258,142,25,2,490000,250000,980000
259,142,16,3,4990000,3800000,14970000
260,143,8,1,28990000,22000000,28990000
261,144,9,1,20990000,16000000,20990000
262,145,25,1,490000,250000,490000
263,145,1,1,27990000,22000000,27990000
264,146,5,1,8490000,6500000,8490000
265,147,19,1,69990000,55000000,69990000
266,147,20,1,16990000,12000000,16990000
267,148,4,1,10990000,8500000,10990000
268,149,24,1,390000,180000,390000
269,149,16,1,4990000,3800000,4990000
270,149,1,2,27990000,22000000,55980000
271,150,22,1,24990000,18000000,24990000
272,151,19,2,69990000,55000000,139980000
273,151,7,1,23990000,18500000,23990000
274,152,15,1,4990000,3500000,4990000
275,152,9,1,20990000,16000000,20990000
276,152,24,1,390000,180000,390000
277,153,19,1,69990000,55000000,69990000
278,154,11,2,32990000,25000000,65980000
279,155,10,1,7490000,5500000,7490000
280,156,20,1,16990000,12000000,16990000
281,156,11,1,32990000,25000000,32990000
282,156,24,1,390000,180000,390000
283,157,13,1,7490000,5500000,7490000
284,158,18,1,23990000,18000000,23990000
285,158,1,2,27990000,22000000,55980000
286,159,21,1,7490000,5500000,7490000
287,160,13,1,7490000,5500000,7490000
288,160,6,1,39990000,32000000,39990000
289,161,19,1,69990000,55000000,69990000
290,161,21,2,7490000,5500000,14980000
291,162,5,1,8490000,6500000,8490000
292,162,1,1,27990000,22000000,27990000
293,162,11,1,32990000,25000000,32990000
294,163,13,2,7490000,5500000,14980000
295,163,22,2,24990000,18000000,49980000
296,164,11,1,32990000,25000000,32990000
297,164,17,2,2990000,2200000,5980000
298,164,10,2,7490000,5500000,14980000
299,165,13,1,7490000,5500000,7490000
300,165,11,1,32990000,25000000,32990000
301,165,2,1,22990000,18000000,22990000
302,166,3,1,18990000,15000000,18990000
303,166,16,1,4990000,3800000,4990000
304,167,4,1,10990000,8500000,10990000
305,168,13,2,7490000,5500000,14980000
306,168,8,1,28990000,22000000,28990000
307,169,16,2,4990000,3800000,9980000
308,170,21,2,7490000,5500000,14980000
309,171,11,1,32990000,25000000,32990000
310,171,1,1,27990000,22000000,27990000
311,171,23,1,12990000,9000000,12990000
312,172,8,1,28990000,22000000,28990000
313,172,25,1,490000,250000,490000
314,172,24,1,390000,180000,390000
315,173,13,1,7490000,5500000,7490000
316,173,2,2,22990000,18000000,45980000
317,174,4,1,10990000,8500000,10990000
318,175,4,2,10990000,8500000,21980000
319,176,12,1,23990000,18000000,23990000
320,176,22,1,24990000,18000000,24990000
321,176,4,2,10990000,8500000,21980000
322,177,25,1,490000,250000,490000
323,177,16,2,4990000,3800000,9980000
324,177,23,1,12990000,9000000,12990000
325,177,6,2,39990000,32000000,79980000
326,178,2,1,22990000,18000000,22990000
327,179,21,2,7490000,5500000,14980000
328,179,24,1,390000,180000,390000
329,179,13,1,7490000,5500000,7490000
330,180,19,1,69990000,55000000,69990000
331,181,5,1,8490000,6500000,8490000
332,181,19,1,69990000,55000000,69990000
333,182,6,1,39990000,32000000,39990000
334,182,7,1,23990000,18500000,23990000
335,183,9,2,20990000,16000000,41980000
336,184,19,1,69990000,55000000,69990000
337,185,24,1,390000,180000,390000
338,186,6,1,39990000,32000000,39990000
339,186,8,3,28990000,22000000,86970000
340,187,14,1,13990000,10000000,13990000
341,187,5,1,8490000,6500000,8490000
342,187,9,1,20990000,16000000,20990000
343,188,20,2,16990000,12000000,33980000
344,188,17,1,2990000,2200000,2990000
345,188,8,1,28990000,22000000,28990000
346,189,15,1,4990000,3500000,4990000
347,189,17,1,2990000,2200000,2990000
348,189,10,1,7490000,5500000,7490000
349,189,12,1,23990000,18000000,23990000
350,190,4,1,10990000,8500000,10990000
351,190,13,3,7490000,5500000,22470000
352,190,6,1,39990000,32000000,39990000
353,191,22,1,24990000,18000000,24990000
354,191,20,1,16990000,12000000,16990000
355,192,9,2,20990000,16000000,41980000
356,193,6,2,39990000,32000000,79980000
357,194,18,1,23990000,18000000,23990000
358,195,25,2,490000,250000,980000
359,196,17,1,2990000,2200000,2990000
360,197,18,1,23990000,18000000,23990000
361,198,18,2,23990000,18000000,47980000
362,199,6,1,39990000,32000000,39990000
363,200,14,1,13990000,10000000,13990000
364,200,7,1,23990000,18500000,23990000
365,200,19,1,69990000,55000000,69990000
366,201,15,1,4990000,3500000,4990000
367,202,19,1,69990000,55000000,69990000
368,202,1,1,27990000,22000000,27990000
369,202,2,1,22990000,18000000,22990000
370,202,14,1,13990000,10000000,13990000
371,203,15,1,4990000,3500000,4990000
372,204,9,1,20990000,16000000,20990000
373,205,3,1,18990000,15000000,18990000
374,206,24,2,390000,180000,780000
375,206,9,1,20990000,16000000,20990000
376,207,5,1,8490000,6500000,8490000
377,207,12,1,23990000,18000000,23990000
378,207,21,1,7490000,5500000,7490000
379,207,20,1,16990000,12000000,16990000
380,208,6,2,39990000,32000000,79980000
381,209,12,1,23990000,18000000,23990000
382,209,11,1,32990000,25000000,32990000
383,209,1,1,27990000,22000000,27990000
384,209,6,1,39990000,32000000,39990000
385,210,21,1,7490000,5500000,7490000
386,210,20,2,16990000,12000000,33980000
387,211,3,1,18990000,15000000,18990000
388,211,4,1,10990000,8500000,10990000
389,212,9,1,20990000,16000000,20990000
390,213,10,2,7490000,5500000,14980000
391,214,7,1,23990000,18500000,23990000
392,215,8,1,28990000,22000000,28990000
393,215,12,1,23990000,18000000,23990000
394,216,16,2,4990000,3800000,9980000
395,216,17,1,2990000,2200000,2990000
396,217,4,1,10990000,8500000,10990000
397,217,21,1,7490000,5500000,7490000
398,217,6,1,39990000,32000000,39990000
399,218,7,1,23990000,18500000,23990000
400,219,23,1,12990000,9000000,12990000
401,219,7,1,23990000,18500000,23990000
402,219,16,1,4990000,3800000,4990000
403,220,5,1,8490000,6500000,8490000
404,220,1,1,27990000,22000000,27990000
405,220,23,2,12990000,9000000,25980000
406,221,21,1,7490000,5500000,7490000
407,221,25,2,490000,250000,980000
408,222,3,2,18990000,15000000,37980000
409,222,15,1,4990000,3500000,4990000
410,223,15,2,4990000,3500000,9980000
411,223,3,1,18990000,15000000,18990000
412,224,11,1,32990000,25000000,32990000
413,224,1,1,27990000,22000000,27990000
414,224,24,2,390000,180000,780000
415,225,9,2,20990000,16000000,41980000
416,226,5,2,8490000,6500000,16980000
417,226,11,1,32990000,25000000,32990000
418,227,11,1,32990000,25000000,32990000
419,227,3,1,18990000,15000000,18990000
420,227,5,1,8490000,6500000,8490000
421,228,16,1,4990000,3800000,4990000
422,228,19,1,69990000,55000000,69990000
423,229,4,1,10990000,8500000,10990000
424,230,24,1,390000,180000,390000
425,230,19,1,69990000,55000000,69990000
426,230,21,2,7490000,5500000,14980000
427,231,12,2,23990000,18000000,47980000
428,231,23,1,12990000,9000000,12990000
429,231,2,1,22990000,18000000,22990000
430,232,20,2,16990000,12000000,33980000
431,232,13,1,7490000,5500000,7490000
432,232,5,1,8490000,6500000,8490000
433,233,12,1,23990000,18000000,23990000
434,233,16,1,4990000,3800000,4990000
435,234,13,1,7490000,5500000,7490000
436,234,4,1,10990000,8500000,10990000
437,234,10,1,7490000,5500000,7490000
438,235,20,1,16990000,12000000,16990000
439,236,5,2,8490000,6500000,16980000
440,236,23,1,12990000,9000000,12990000
441,237,16,1,4990000,3800000,4990000
442,238,2,2,22990000,18000000,45980000
443,238,4,1,10990000,8500000,10990000
444,239,24,1,390000,180000,390000
445,240,2,3,22990000,18000000,68970000
446,240,17,1,2990000,2200000,2990000
447,241,11,1,32990000,25000000,32990000
448,241,13,1,7490000,5500000,7490000
449,242,16,1,4990000,3800000,4990000
450,242,8,1,28990000,22000000,28990000
451,242,22,1,24990000,18000000,24990000
452,243,21,1,7490000,5500000,7490000
453,243,16,1,4990000,3800000,4990000
454,243,20,2,16990000,12000000,33980000
455,243,17,1,2990000,2200000,2990000
456,244,12,1,23990000,18000000,23990000
457,244,14,2,13990000,10000000,27980000
458,245,11,2,32990000,25000000,65980000
459,246,10,1,7490000,5500000,7490000
460,247,7,1,23990000,18500000,23990000
461,248,18,1,23990000,18000000,23990000
462,248,4,1,10990000,8500000,10990000
463,249,16,2,4990000,3800000,9980000
464,250,7,2,23990000,18500000,47980000
465,251,15,1,4990000,3500000,4990000
466,252,16,1,4990000,3800000,4990000
467,253,9,1,20990000,16000000,20990000
468,253,23,1,12990000,9000000,12990000
469,253,12,2,23990000,18000000,47980000
470,253,5,2,8490000,6500000,16980000
471,254,15,2,4990000,3500000,9980000
472,254,4,1,10990000,8500000,10990000
473,255,13,2,7490000,5500000,14980000
474,255,21,1,7490000,5500000,7490000
475,255,24,1,390000,180000,390000
476,255,18,1,23990000,18000000,23990000
477,256,5,2,8490000,6500000,16980000
478,256,11,2,32990000,25000000,65980000
479,257,19,2,69990000,55000000,139980000
480,258,17,1,2990000,2200000,2990000
481,258,6,1,39990000,32000000,39990000
482,259,14,1,13990000,10000000,13990000
483,260,17,1,2990000,2200000,2990000
484,261,6,1,39990000,32000000,39990000
485,262,16,1,4990000,3800000,4990000
486,262,3,2,18990000,15000000,37980000
487,262,5,1,8490000,6500000,8490000
488,263,7,1,23990000,18500000,23990000
489,263,4,1,10990000,8500000,10990000
490,263,5,2,8490000,6500000,16980000
491,264,16,2,4990000,3800000,9980000
492,264,21,1,7490000,5500000,7490000
493,264,24,2,390000,180000,780000
494,265,9,1,20990000,16000000,20990000
495,266,23,1,12990000,9000000,12990000
496,266,6,1,39990000,32000000,39990000
497,267,9,1,20990000,16000000,20990000
498,267,21,1,7490000,5500000,7490000
499,268,7,1,23990000,18500000,23990000
500,268,5,1,8490000,6500000,8490000
501,269,11,3,32990000,25000000,98970000
502,269,15,1,4990000,3500000,4990000
503,270,9,2,20990000,16000000,41980000
504,270,19,1,69990000,55000000,69990000
505,270,14,1,13990000,10000000,13990000
506,271,10,2,7490000,5500000,14980000
507,272,14,1,13990000,10000000,13990000
508,273,1,2,27990000,22000000,55980000
509,274,20,1,16990000,12000000,16990000
510,275,20,1,16990000,12000000,16990000
511,276,11,1,32990000,25000000,32990000
512,276,13,1,7490000,5500000,7490000
513,276,18,1,23990000,18000000,23990000
514,277,22,1,24990000,18000000,24990000
515,277,14,2,13990000,10000000,27980000
516,278,23,1,12990000,9000000,12990000
517,279,11,1,32990000,25000000,32990000
518,279,12,1,23990000,18000000,23990000
519,280,12,1,23990000,18000000,23990000
520,281,10,3,7490000,5500000,22470000
521,281,12,1,23990000,18000000,23990000
522,282,3,1,18990000,15000000,18990000
523,283,2,1,22990000,18000000,22990000
524,284,22,1,24990000,18000000,24990000
525,284,8,2,28990000,22000000,57980000
526,285,12,1,23990000,18000000,23990000
527,286,12,2,23990000,18000000,47980000
528,287,14,1,13990000,10000000,13990000
529,287,6,2,39990000,32000000,79980000
530,288,21,2,7490000,5500000,14980000
531,288,7,2,23990000,18500000,47980000
532,289,2,1,22990000,18000000,22990000
533,289,8,1,28990000,22000000,28990000
534,289,4,1,10990000,8500000,10990000
535,290,18,1,23990000,18000000,23990000
536,290,1,1,27990000,22000000,27990000
537,291,20,1,16990000,12000000,16990000
538,291,22,1,24990000,18000000,24990000
539,292,20,1,16990000,12000000,16990000
540,292,5,1,8490000,6500000,8490000
541,293,7,1,23990000,18500000,23990000
542,293,22,1,24990000,18000000,24990000
543,293,15,1,4990000,3500000,4990000
544,294,6,3,39990000,32000000,119970000
545,294,20,1,16990000,12000000,16990000
546,295,12,1,23990000,18000000,23990000
547,296,15,1,4990000,3500000,4990000
548,297,1,1,27990000,22000000,27990000
549,298,25,1,490000,250000,490000
550,299,23,1,12990000,9000000,12990000
551,300,8,1,28990000,22000000,28990000
552,301,9,1,20990000,16000000,20990000
553,301,22,2,24990000,18000000,49980000
554,302,3,1,18990000,15000000,18990000
555,302,15,1,4990000,3500000,4990000
556,302,5,2,8490000,6500000,16980000
557,303,15,2,4990000,3500000,9980000
558,304,8,1,28990000,22000000,28990000
559,305,7,2,23990000,18500000,47980000
560,305,9,1,20990000,16000000,20990000
561,306,14,2,13990000,10000000,27980000
562,307,4,1,10990000,8500000,10990000
563,307,17,1,2990000,2200000,2990000
564,308,17,2,2990000,2200000,5980000
565,308,22,1,24990000,18000000,24990000
566,309,25,1,490000,250000,490000
567,309,10,2,7490000,5500000,14980000
568,310,20,1,16990000,12000000,16990000
569,310,25,1,490000,250000,490000
570,310,19,2,69990000,55000000,139980000
571,311,20,3,16990000,12000000,50970000
572,312,21,1,7490000,5500000,7490000
573,312,16,1,4990000,3800000,4990000
574,312,14,2,13990000,10000000,27980000
575,312,1,1,27990000,22000000,27990000
576,313,1,2,27990000,22000000,55980000
577,314,9,1,20990000,16000000,20990000
578,315,17,1,2990000,2200000,2990000
579,315,20,1,16990000,12000000,16990000
580,316,16,2,4990000,3800000,9980000
581,317,2,1,22990000,18000000,22990000
582,317,23,2,12990000,9000000,25980000
583,318,4,1,10990000,8500000,10990000
584,318,9,2,20990000,16000000,41980000
585,319,13,1,7490000,5500000,7490000
586,319,18,1,23990000,18000000,23990000
587,319,10,1,7490000,5500000,7490000
588,320,15,1,4990000,3500000,4990000
589,321,3,1,18990000,15000000,18990000
590,321,25,1,490000,250000,490000
591,321,24,1,390000,180000,390000
592,322,10,2,7490000,5500000,14980000
593,323,1,1,27990000,22000000,27990000
594,324,25,1,490000,250000,490000
595,325,16,1,4990000,3800000,4990000
596,325,8,3,28990000,22000000,86970000
597,326,4,1,10990000,8500000,10990000
598,326,20,2,16990000,12000000,33980000
599,327,19,1,69990000,55000000,69990000
600,327,2,2,22990000,18000000,45980000
601,327,1,1,27990000,22000000,27990000
602,327,22,2,24990000,18000000,49980000
603,328,14,1,13990000,10000000,13990000
604,329,14,2,13990000,10000000,27980000
605,330,4,2,10990000,8500000,21980000
606,330,23,2,12990000,9000000,25980000
607,330,11,1,32990000,25000000,32990000
608,331,24,1,390000,180000,390000
609,332,20,2,16990000,12000000,33980000
610,332,25,1,490000,250000,490000
611,333,22,2,24990000,18000000,49980000
612,334,24,3,390000,180000,1170000
613,335,11,2,32990000,25000000,65980000
614,336,4,1,10990000,8500000,10990000
615,337,24,1,390000,180000,390000
616,338,11,1,32990000,25000000,32990000
617,339,16,1,4990000,3800000,4990000
618,339,4,2,10990000,8500000,21980000
619,340,10,2,7490000,5500000,14980000
620,340,1,2,27990000,22000000,55980000
621,340,17,1,2990000,2200000,2990000
622,340,15,2,4990000,3500000,9980000
623,341,13,1,7490000,5500000,7490000
624,341,6,1,39990000,32000000,39990000
625,341,25,1,490000,250000,490000
626,342,11,1,32990000,25000000,32990000
627,343,20,2,16990000,12000000,33980000
628,344,23,1,12990000,9000000,12990000
629,344,20,1,16990000,12000000,16990000
630,344,19,1,69990000,55000000,69990000
631,345,19,1,69990000,55000000,69990000
632,345,23,1,12990000,9000000,12990000
633,345,13,1,7490000,5500000,7490000
634,346,21,1,7490000,5500000,7490000
635,347,17,1,2990000,2200000,2990000
636,348,24,1,390000,180000,390000
637,349,11,2,32990000,25000000,65980000
638,349,14,2,13990000,10000000,27980000
639,350,14,2,13990000,10000000,27980000
640,351,2,1,22990000,18000000,22990000
641,351,15,1,4990000,3500000,4990000
642,352,23,1,12990000,9000000,12990000
643,353,7,1,23990000,18500000,23990000
644,354,8,1,28990000,22000000,28990000
645,354,18,1,23990000,18000000,23990000
646,354,21,2,7490000,5500000,14980000
647,355,9,2,20990000,16000000,41980000
648,356,23,1,12990000,9000000,12990000
649,357,7,1,23990000,18500000,23990000
650,358,24,2,390000,180000,780000
651,359,2,2,22990000,18000000,45980000
652,359,15,1,4990000,3500000,4990000
653,359,24,1,390000,180000,390000
654,360,8,1,28990000,22000000,28990000
655,361,9,2,20990000,16000000,41980000
656,361,5,2,8490000,6500000,16980000
657,361,2,3,22990000,18000000,68970000
658,362,17,1,2990000,2200000,2990000
659,363,4,2,10990000,8500000,21980000
660,363,3,1,18990000,15000000,18990000
661,364,10,1,7490000,5500000,7490000
662,365,7,1,23990000,18500000,23990000
663,366,12,1,23990000,18000000,23990000
664,367,9,1,20990000,16000000,20990000
665,367,4,1,10990000,8500000,10990000
666,368,3,1,18990000,15000000,18990000
667,369,6,1,39990000,32000000,39990000
668,370,17,1,2990000,2200000,2990000
669,371,25,1,490000,250000,490000
670,371,22,1,24990000,18000000,24990000
671,372,14,2,13990000,10000000,27980000
672,372,6,1,39990000,32000000,39990000
673,372,16,1,4990000,3800000,4990000
674,372,24,1,390000,180000,390000
675,373,22,2,24990000,18000000,49980000
676,374,23,2,12990000,9000000,25980000
677,374,20,1,16990000,12000000,16990000
678,374,18,2,23990000,18000000,47980000
679,375,6,2,39990000,32000000,79980000
680,375,2,1,22990000,18000000,22990000
681,376,17,2,2990000,2200000,5980000
682,376,9,2,20990000,16000000,41980000
683,377,3,1,18990000,15000000,18990000
684,377,20,1,16990000,12000000,16990000
685,377,1,1,27990000,22000000,27990000
686,377,7,1,23990000,18500000,23990000
687,378,4,1,10990000,8500000,10990000
688,379,12,1,23990000,18000000,23990000
689,379,19,2,69990000,55000000,139980000
690,380,16,1,4990000,3800000,4990000
691,380,23,1,12990000,9000000,12990000
692,380,8,1,28990000,22000000,28990000
693,381,14,1,13990000,10000000,13990000
694,382,6,1,39990000,32000000,39990000
695,383,1,3,27990000,22000000,83970000
696,383,17,1,2990000,2200000,2990000
697,383,14,2,13990000,10000000,27980000
698,383,12,1,23990000,18000000,23990000
699,384,6,1,39990000,32000000,39990000
700,384,24,2,390000,180000,780000
701,385,15,1,4990000,3500000,4990000
702,385,17,1,2990000,2200000,2990000
703,386,7,2,23990000,18500000,47980000
704,386,21,1,7490000,5500000,7490000
705,387,13,1,7490000,5500000,7490000
706,387,22,1,24990000,18000000,24990000
707,388,13,1,7490000,5500000,7490000
708,389,25,1,490000,250000,490000
709,390,4,1,10990000,8500000,10990000
710,390,17,2,2990000,2200000,5980000
711,390,25,1,490000,250000,490000
712,391,9,1,20990000,16000000,20990000
713,392,6,1,39990000,32000000,39990000
714,392,20,3,16990000,12000000,50970000
715,393,3,1,18990000,15000000,18990000
716,394,22,1,24990000,18000000,24990000
717,394,25,3,490000,250000,1470000
718,395,1,1,27990000,22000000,27990000
719,396,13,2,7490000,5500000,14980000
720,397,11,1,32990000,25000000,32990000
721,398,15,1,4990000,3500000,4990000
722,399,21,1,7490000,5500000,7490000
723,400,5,1,8490000,6500000,8490000
724,400,22,2,24990000,18000000,49980000
725,401,19,1,69990000,55000000,69990000
726,402,3,1,18990000,15000000,18990000
727,403,12,1,23990000,18000000,23990000
728,403,1,2,27990000,22000000,55980000
729,404,19,1,69990000,55000000,69990000
730,404,6,2,39990000,32000000,79980000
731,405,17,1,2990000,2200000,2990000
732,406,5,2,8490000,6500000,16980000
733,407,22,1,24990000,18000000,24990000
734,408,8,1,28990000,22000000,28990000
735,408,24,1,390000,180000,390000
736,409,14,2,13990000,10000000,27980000
737,410,12,1,23990000,18000000,23990000
738,411,8,1,28990000,22000000,28990000
739,412,2,1,22990000,18000000,22990000
740,413,22,1,24990000,18000000,24990000
741,414,19,1,69990000,55000000,69990000
742,414,8,1,28990000,22000000,28990000
743,415,7,1,23990000,18500000,23990000
744,415,21,1,7490000,5500000,7490000
745,415,6,1,39990000,32000000,39990000
746,416,7,1,23990000,18500000,23990000
747,417,5,2,8490000,6500000,16980000
748,417,2,1,22990000,18000000,22990000
749,418,9,1,20990000,16000000,20990000
750,419,18,1,23990000,18000000,23990000
751,419,19,1,69990000,55000000,69990000
752,420,7,3,23990000,18500000,71970000
753,421,22,2,24990000,18000000,49980000
754,421,20,1,16990000,12000000,16990000
755,422,13,1,7490000,5500000,7490000
756,422,24,2,390000,180000,780000
757,422,18,1,23990000,18000000,23990000
758,423,5,1,8490000,6500000,8490000
759,424,15,1,4990000,3500000,4990000
760,424,6,1,39990000,32000000,39990000
761,424,18,1,23990000,18000000,23990000
762,425,13,2,7490000,5500000,14980000
763,425,18,1,23990000,18000000,23990000
764,425,12,1,23990000,18000000,23990000
765,426,24,1,390000,180000,390000
766,427,1,1,27990000,22000000,27990000
767,427,6,1,39990000,32000000,39990000
768,427,5,2,8490000,6500000,16980000
769,428,8,1,28990000,22000000,28990000
770,428,23,1,12990000,9000000,12990000
771,429,12,2,23990000,18000000,47980000
772,429,18,3,23990000,18000000,71970000
773,430,18,1,23990000,18000000,23990000
774,430,22,2,24990000,18000000,49980000
775,430,10,1,7490000,5500000,7490000
776,431,15,2,4990000,3500000,9980000
777,432,2,1,22990000,18000000,22990000
778,433,2,1,22990000,18000000,22990000
779,434,21,1,7490000,5500000,7490000
780,434,20,1,16990000,12000000,16990000
781,435,10,3,7490000,5500000,22470000
782,435,6,1,39990000,32000000,39990000
783,436,9,1,20990000,16000000,20990000
784,436,21,1,7490000,5500000,7490000
785,436,24,1,390000,180000,390000
786,437,12,2,23990000,18000000,47980000
787,438,2,1,22990000,18000000,22990000
788,439,12,1,23990000,18000000,23990000
789,439,14,3,13990000,10000000,41970000
790,439,6,2,39990000,32000000,79980000
791,440,3,2,18990000,15000000,37980000
792,441,15,1,4990000,3500000,4990000
793,442,17,2,2990000,2200000,5980000
794,443,15,1,4990000,3500000,4990000
795,444,10,1,7490000,5500000,7490000
796,444,18,1,23990000,18000000,23990000
797,445,13,1,7490000,5500000,7490000
798,445,8,2,28990000,22000000,57980000
799,446,19,1,69990000,55000000,69990000
800,446,10,1,7490000,5500000,7490000
801,446,13,1,7490000,5500000,7490000
802,447,15,1,4990000,3500000,4990000
803,447,3,1,18990000,15000000,18990000
804,448,13,3,7490000,5500000,22470000
805,449,3,1,18990000,15000000,18990000
806,449,7,2,23990000,18500000,47980000
807,450,14,1,13990000,10000000,13990000
808,451,6,1,39990000,32000000,39990000
809,452,12,1,23990000,18000000,23990000
810,452,6,1,39990000,32000000,39990000
811,452,9,1,20990000,16000000,20990000
812,453,6,1,39990000,32000000,39990000
813,454,16,1,4990000,3800000,4990000
814,455,23,1,12990000,9000000,12990000
815,455,24,3,390000,180000,1170000
816,455,25,2,490000,250000,980000
817,456,14,1,13990000,10000000,13990000
818,457,9,1,20990000,16000000,20990000
819,458,19,2,69990000,55000000,139980000
820,458,23,1,12990000,9000000,12990000
821,459,13,1,7490000,5500000,7490000
822,460,13,1,7490000,5500000,7490000
823,461,9,1,20990000,16000000,20990000
824,461,7,1,23990000,18500000,23990000
825,462,2,3,22990000,18000000,68970000
826,463,20,1,16990000,12000000,16990000
827,464,21,1,7490000,5500000,7490000
828,464,18,2,23990000,18000000,47980000
829,464,14,3,13990000,10000000,41970000
830,465,24,2,390000,180000,780000
831,465,9,1,20990000,16000000,20990000
832,466,16,1,4990000,3800000,4990000
833,466,1,3,27990000,22000000,83970000
834,466,12,2,23990000,18000000,47980000
835,467,23,2,12990000,9000000,25980000
836,467,4,1,10990000,8500000,10990000
837,468,10,2,7490000,5500000,14980000
838,469,14,1,13990000,10000000,13990000
839,469,7,1,23990000,18500000,23990000
840,470,6,2,39990000,32000000,79980000
841,471,5,1,8490000,6500000,8490000
842,472,8,3,28990000,22000000,86970000
843,473,21,1,7490000,5500000,7490000
844,474,15,1,4990000,3500000,4990000
845,474,6,1,39990000,32000000,39990000
846,475,14,1,13990000,10000000,13990000
847,475,18,1,23990000,18000000,23990000
848,475,11,2,32990000,25000000,65980000
849,476,10,1,7490000,5500000,7490000
850,476,24,3,390000,180000,1170000
851,477,24,1,390000,180000,390000
852,478,19,1,69990000,55000000,69990000
853,479,15,2,4990000,3500000,9980000
854,479,22,2,24990000,18000000,49980000
855,480,6,1,39990000,32000000,39990000
856,480,5,2,8490000,6500000,16980000
857,480,20,1,16990000,12000000,16990000
858,481,17,2,2990000,2200000,5980000
859,481,10,2,7490000,5500000,14980000
860,482,23,1,12990000,9000000,12990000
861,482,15,1,4990000,3500000,4990000
862,483,8,1,28990000,22000000,28990000
863,483,24,2,390000,180000,780000
864,484,3,1,18990000,15000000,18990000
865,484,11,1,32990000,25000000,32990000
866,485,3,1,18990000,15000000,18990000
867,485,6,1,39990000,32000000,39990000
868,485,10,1,7490000,5500000,7490000
869,486,17,1,2990000,2200000,2990000
870,487,22,2,24990000,18000000,49980000
871,488,23,1,12990000,9000000,12990000
872,488,12,1,23990000,18000000,23990000
873,489,3,2,18990000,15000000,37980000
874,490,9,1,20990000,16000000,20990000
875,491,25,2,490000,250000,980000
876,492,12,2,23990000,18000000,47980000
877,492,18,1,23990000,18000000,23990000
878,492,13,3,7490000,5500000,22470000
879,493,12,1,23990000,18000000,23990000
880,494,11,1,32990000,25000000,32990000
881,495,9,1,20990000,16000000,20990000
882,496,7,1,23990000,18500000,23990000
883,497,7,1,23990000,18500000,23990000
884,497,25,1,490000,250000,490000
885,497,14,2,13990000,10000000,27980000
886,497,4,1,10990000,8500000,10990000
887,498,15,1,4990000,3500000,4990000
888,498,18,1,23990000,18000000,23990000
889,499,8,1,28990000,22000000,28990000
890,500,9,2,20990000,16000000,41980000
891,500,19,2,69990000,55000000,139980000
892,500,13,3,7490000,5500000,22470000
893,501,17,1,2990000,2200000,2990000
894,502,19,1,69990000,55000000,69990000
895,503,15,1,4990000,3500000,4990000
896,504,19,2,69990000,55000000,139980000
897,505,24,2,390000,180000,780000
898,505,25,2,490000,250000,980000
899,505,19,2,69990000,55000000,139980000
900,506,7,1,23990000,18500000,23990000
901,506,22,1,24990000,18000000,24990000
902,507,24,1,390000,180000,390000
903,508,7,1,23990000,18500000,23990000
904,508,14,1,13990000,10000000,13990000
905,509,8,2,28990000,22000000,57980000
906,509,7,1,23990000,18500000,23990000
907,510,11,1,32990000,25000000,32990000
908,510,15,1,4990000,3500000,4990000
909,511,20,1,16990000,12000000,16990000
910,512,3,1,18990000,15000000,18990000
911,513,12,1,23990000,18000000,23990000
912,513,8,1,28990000,22000000,28990000
913,514,21,2,7490000,5500000,14980000
914,515,18,2,23990000,18000000,47980000
915,515,10,1,7490000,5500000,7490000
916,516,6,1,39990000,32000000,39990000
917,516,1,2,27990000,22000000,55980000
918,517,20,2,16990000,12000000,33980000
919,518,23,1,12990000,9000000,12990000
920,518,4,2,10990000,8500000,21980000
921,518,25,1,490000,250000,490000
922,519,19,1,69990000,55000000,69990000
923,519,18,1,23990000,18000000,23990000
924,520,15,2,4990000,3500000,9980000
925,521,25,2,490000,250000,980000
926,522,21,2,7490000,5500000,14980000
927,522,7,1,23990000,18500000,23990000
928,523,24,2,390000,180000,780000
929,524,16,2,4990000,3800000,9980000
930,525,6,2,39990000,32000000,79980000
931,526,7,1,23990000,18500000,23990000
932,527,21,2,7490000,5500000,14980000
933,528,16,1,4990000,3800000,4990000
934,528,6,1,39990000,32000000,39990000
935,528,4,1,10990000,8500000,10990000
936,529,12,1,23990000,18000000,23990000
937,530,2,1,22990000,18000000,22990000
938,531,23,1,12990000,9000000,12990000
939,532,11,1,32990000,25000000,32990000
940,532,3,1,18990000,15000000,18990000
941,533,21,1,7490000,5500000,7490000
942,534,11,1,32990000,25000000,32990000
943,534,13,1,7490000,5500000,7490000
944,535,15,1,4990000,3500000,4990000
945,535,21,2,7490000,5500000,14980000
946,535,4,1,10990000,8500000,10990000
947,535,11,2,32990000,25000000,65980000
948,536,24,2,390000,180000,780000
949,537,14,1,13990000,10000000,13990000
950,538,5,1,8490000,6500000,8490000
951,539,17,1,2990000,2200000,2990000
952,539,15,1,4990000,3500000,4990000
953,539,6,2,39990000,32000000,79980000
954,539,12,2,23990000,18000000,47980000
955,540,19,1,69990000,55000000,69990000
956,541,4,1,10990000,8500000,10990000
957,541,21,2,7490000,5500000,14980000
958,542,3,1,18990000,15000000,18990000
959,542,10,1,7490000,5500000,7490000
960,543,16,1,4990000,3800000,4990000
961,544,1,1,27990000,22000000,27990000
962,544,21,1,7490000,5500000,7490000
963,545,23,1,12990000,9000000,12990000
964,545,25,1,490000,250000,490000
965,545,22,1,24990000,18000000,24990000
966,546,25,1,490000,250000,490000
967,546,11,1,32990000,25000000,32990000
968,547,21,1,7490000,5500000,7490000
969,547,4,1,10990000,8500000,10990000
970,548,22,1,24990000,18000000,24990000
971,548,21,1,7490000,5500000,7490000
972,549,18,1,23990000,18000000,23990000
973,550,9,1,20990000,16000000,20990000
974,551,25,1,490000,250000,490000
975,552,19,2,69990000,55000000,139980000
976,552,14,1,13990000,10000000,13990000
977,552,24,3,390000,180000,1170000
978,553,6,1,39990000,32000000,39990000
979,553,16,1,4990000,3800000,4990000
980,554,23,1,12990000,9000000,12990000
981,555,17,1,2990000,2200000,2990000
982,556,9,1,20990000,16000000,20990000
983,556,22,2,24990000,18000000,49980000
984,556,4,1,10990000,8500000,10990000
985,557,13,1,7490000,5500000,7490000
986,558,24,1,390000,180000,390000
987,559,14,1,13990000,10000000,13990000
988,560,4,1,10990000,8500000,10990000
989,560,17,1,2990000,2200000,2990000
990,560,25,1,490000,250000,490000
991,561,2,2,22990000,18000000,45980000
992,562,16,1,4990000,3800000,4990000
993,563,11,1,32990000,25000000,32990000
994,564,3,1,18990000,15000000,18990000
995,565,15,2,4990000,3500000,9980000
996,565,2,1,22990000,18000000,22990000
997,566,5,1,8490000,6500000,8490000
998,566,21,2,7490000,5500000,14980000
999,567,22,1,24990000,18000000,24990000
1000,567,12,1,23990000,18000000,23990000
1001,568,9,2,20990000,16000000,41980000
1002,569,13,1,7490000,5500000,7490000
1003,570,9,1,20990000,16000000,20990000
1004,570,23,1,12990000,9000000,12990000
1005,571,14,1,13990000,10000000,13990000
1006,572,8,1,28990000,22000000,28990000
1007,572,20,2,16990000,12000000,33980000
1008,572,2,1,22990000,18000000,22990000
1009,573,12,1,23990000,18000000,23990000
1010,573,15,1,4990000,3500000,4990000
1011,574,17,1,2990000,2200000,2990000
1012,574,10,1,7490000,5500000,7490000
1013,574,23,1,12990000,9000000,12990000
1014,574,8,1,28990000,22000000,28990000
1015,575,5,1,8490000,6500000,8490000
1016,576,12,1,23990000,18000000,23990000
1017,576,21,2,7490000,5500000,14980000
1018,577,20,1,16990000,12000000,16990000
1019,578,20,2,16990000,12000000,33980000
1020,578,3,2,18990000,15000000,37980000
1021,578,14,1,13990000,10000000,13990000
1022,578,1,1,27990000,22000000,27990000
1023,579,14,1,13990000,10000000,13990000
1024,580,17,2,2990000,2200000,5980000
1025,580,18,1,23990000,18000000,23990000
1026,580,3,2,18990000,15000000,37980000
1027,581,10,1,7490000,5500000,7490000
1028,582,7,1,23990000,18500000,23990000
1029,582,5,1,8490000,6500000,8490000
1030,582,25,1,490000,250000,490000
1031,583,8,1,28990000,22000000,28990000
1032,583,23,1,12990000,9000000,12990000
1033,584,6,1,39990000,32000000,39990000
1034,584,21,1,7490000,5500000,7490000
1035,584,14,1,13990000,10000000,13990000
1036,584,10,1,7490000,5500000,7490000
1037,585,17,1,2990000,2200000,2990000
1038,586,15,1,4990000,3500000,4990000
1039,586,8,1,28990000,22000000,28990000
1040,587,4,1,10990000,8500000,10990000
1041,588,21,2,7490000,5500000,14980000
1042,589,7,1,23990000,18500000,23990000
1043,589,14,2,13990000,10000000,27980000
1044,590,15,3,4990000,3500000,14970000
1045,591,1,1,27990000,22000000,27990000
1046,591,10,2,7490000,5500000,14980000
1047,592,19,2,69990000,55000000,139980000
1048,592,22,1,24990000,18000000,24990000
1049,593,24,1,390000,180000,390000
1050,594,22,1,24990000,18000000,24990000
1051,595,6,1,39990000,32000000,39990000
1052,595,22,1,24990000,18000000,24990000
1053,596,20,2,16990000,12000000,33980000
1054,596,18,2,23990000,18000000,47980000
1055,597,18,1,23990000,18000000,23990000
1056,597,24,1,390000,180000,390000
1057,597,19,3,69990000,55000000,209970000
1058,598,7,2,23990000,18500000,47980000
1059,598,10,2,7490000,5500000,14980000
1060,598,19,1,69990000,55000000,69990000
1061,598,25,1,490000,250000,490000
1062,599,20,1,16990000,12000000,16990000
1063,599,18,1,23990000,18000000,23990000
1064,600,16,2,4990000,3800000,9980000
1065,600,5,2,8490000,6500000,16980000
1066,601,2,1,22990000,18000000,22990000
1067,602,14,1,13990000,10000000,13990000
1068,603,15,1,4990000,3500000,4990000
1069,603,25,1,490000,250000,490000
1070,603,2,1,22990000,18000000,22990000
1071,604,11,3,32990000,25000000,98970000
1072,604,8,2,28990000,22000000,57980000
1073,605,12,3,23990000,18000000,71970000
1074,606,6,1,39990000,32000000,39990000
1075,607,9,1,20990000,16000000,20990000
1076,607,1,1,27990000,22000000,27990000
1077,607,23,1,12990000,9000000,12990000
1078,608,4,1,10990000,8500000,10990000
1079,608,9,1,20990000,16000000,20990000
1080,608,14,1,13990000,10000000,13990000
1081,609,1,1,27990000,22000000,27990000
1082,610,25,1,490000,250000,490000
1083,610,6,2,39990000,32000000,79980000
1084,611,18,1,23990000,18000000,23990000
1085,612,16,2,4990000,3800000,9980000
1086,612,14,1,13990000,10000000,13990000
1087,612,12,3,23990000,18000000,71970000
1088,613,21,1,7490000,5500000,7490000
1089,614,8,1,28990000,22000000,28990000
1090,615,22,1,24990000,18000000,24990000
1091,616,11,2,32990000,25000000,65980000
1092,617,10,2,7490000,5500000,14980000
1093,618,23,3,12990000,9000000,38970000
1094,618,1,1,27990000,22000000,27990000
1095,618,19,1,69990000,55000000,69990000
1096,619,1,1,27990000,22000000,27990000
1097,620,16,1,4990000,3800000,4990000
1098,621,15,1,4990000,3500000,4990000
1099,622,17,1,2990000,2200000,2990000
1100,622,3,1,18990000,15000000,18990000
1101,623,13,1,7490000,5500000,7490000
1102,624,4,1,10990000,8500000,10990000
1103,625,1,1,27990000,22000000,27990000
1104,626,12,1,23990000,18000000,23990000
1105,627,17,2,2990000,2200000,5980000
1106,627,9,1,20990000,16000000,20990000
1107,627,14,1,13990000,10000000,13990000
1108,628,22,1,24990000,18000000,24990000
1109,629,5,1,8490000,6500000,8490000
1110,629,13,1,7490000,5500000,7490000
1111,630,5,2,8490000,6500000,16980000
1112,631,13,1,7490000,5500000,7490000
1113,631,16,1,4990000,3800000,4990000
1114,631,12,1,23990000,18000000,23990000
1115,632,24,1,390000,180000,390000
1116,632,17,1,2990000,2200000,2990000
1117,633,15,1,4990000,3500000,4990000
1118,634,3,1,18990000,15000000,18990000
1119,634,1,1,27990000,22000000,27990000
1120,635,8,1,28990000,22000000,28990000
1121,635,23,1,12990000,9000000,12990000
1122,636,14,1,13990000,10000000,13990000
1123,637,22,2,24990000,18000000,49980000
1124,637,9,2,20990000,16000000,41980000
1125,637,21,1,7490000,5500000,7490000
1126,637,2,1,22990000,18000000,22990000
1127,638,17,1,2990000,2200000,2990000
1128,638,13,1,7490000,5500000,7490000
1129,638,5,1,8490000,6500000,8490000
1130,638,8,1,28990000,22000000,28990000
1131,639,22,1,24990000,18000000,24990000
1132,639,19,2,69990000,55000000,139980000
1133,639,23,1,12990000,9000000,12990000
1134,640,9,1,20990000,16000000,20990000
1135,641,20,1,16990000,12000000,16990000
1136,642,22,1,24990000,18000000,24990000
1137,643,16,2,4990000,3800000,9980000
1138,643,7,1,23990000,18500000,23990000
1139,644,6,1,39990000,32000000,39990000
1140,644,7,1,23990000,18500000,23990000
1141,645,16,2,4990000,3800000,9980000
1142,646,24,1,390000,180000,390000
1143,646,25,1,490000,250000,490000
1144,647,4,1,10990000,8500000,10990000
1145,647,16,1,4990000,3800000,4990000
1146,648,18,1,23990000,18000000,23990000
1147,648,17,1,2990000,2200000,2990000
1148,649,8,2,28990000,22000000,57980000
1149,650,19,1,69990000,55000000,69990000
1150,651,5,2,8490000,6500000,16980000
1151,652,5,2,8490000,6500000,16980000
1152,653,16,2,4990000,3800000,9980000
1153,654,11,1,32990000,25000000,32990000
1154,655,8,1,28990000,22000000,28990000
1155,655,3,1,18990000,15000000,18990000
1156,656,11,1,32990000,25000000,32990000
1157,657,19,1,69990000,55000000,69990000
1158,657,3,1,18990000,15000000,18990000
1159,658,12,1,23990000,18000000,23990000
1160,658,16,1,4990000,3800000,4990000
1161,659,9,1,20990000,16000000,20990000
1162,659,17,1,2990000,2200000,2990000
1163,659,18,1,23990000,18000000,23990000
1164,660,13,2,7490000,5500000,14980000
1165,660,21,1,7490000,5500000,7490000
1166,661,16,3,4990000,3800000,14970000
1167,662,18,3,23990000,18000000,71970000
1168,663,2,1,22990000,18000000,22990000
1169,663,15,1,4990000,3500000,4990000
1170,664,14,1,13990000,10000000,13990000
1171,664,3,1,18990000,15000000,18990000
1172,665,24,3,390000,180000,1170000
1173,666,9,1,20990000,16000000,20990000
1174,666,22,1,24990000,18000000,24990000
1175,666,17,1,2990000,2200000,2990000
1176,667,10,1,7490000,5500000,7490000
1177,667,24,1,390000,180000,390000
1178,667,5,1,8490000,6500000,8490000
1179,668,19,1,69990000,55000000,69990000
1180,668,13,2,7490000,5500000,14980000
1181,669,16,1,4990000,3800000,4990000
1182,669,14,2,13990000,10000000,27980000
1183,669,5,2,8490000,6500000,16980000
1184,669,20,1,16990000,12000000,16990000
1185,670,10,1,7490000,5500000,7490000
1186,671,12,3,23990000,18000000,71970000
1187,672,12,1,23990000,18000000,23990000
1188,672,6,2,39990000,32000000,79980000
1189,672,11,2,32990000,25000000,65980000
1190,673,14,1,13990000,10000000,13990000
1191,673,11,1,32990000,25000000,32990000
1192,673,25,2,490000,250000,980000
1193,674,20,1,16990000,12000000,16990000
1194,674,3,1,18990000,15000000,18990000
1195,674,21,1,7490000,5500000,7490000
1196,675,14,1,13990000,10000000,13990000
1197,676,2,2,22990000,18000000,45980000
1198,677,6,1,39990000,32000000,39990000
1199,678,19,2,69990000,55000000,139980000
1200,678,8,1,28990000,22000000,28990000
1201,678,11,1,32990000,25000000,32990000
1202,679,5,1,8490000,6500000,8490000
1203,680,23,2,12990000,9000000,25980000
1204,681,5,1,8490000,6500000,8490000
1205,682,12,1,23990000,18000000,23990000
1206,682,20,1,16990000,12000000,16990000
1207,683,23,1,12990000,9000000,12990000
1208,683,4,2,10990000,8500000,21980000
1209,683,22,1,24990000,18000000,24990000
1210,684,12,1,23990000,18000000,23990000
1211,685,16,2,4990000,3800000,9980000
1212,686,18,2,23990000,18000000,47980000
1213,687,4,2,10990000,8500000,21980000
1214,687,18,1,23990000,18000000,23990000
1215,687,5,1,8490000,6500000,8490000
1216,688,6,1,39990000,32000000,39990000
1217,688,9,1,20990000,16000000,20990000
1218,689,8,1,28990000,22000000,28990000
1219,690,25,1,490000,250000,490000
1220,690,23,2,12990000,9000000,25980000
1221,690,3,1,18990000,15000000,18990000
1222,691,24,1,390000,180000,390000
1223,691,18,1,23990000,18000000,23990000
1224,691,14,1,13990000,10000000,13990000
1225,691,7,3,23990000,18500000,71970000
1226,692,8,2,28990000,22000000,57980000
1227,692,3,1,18990000,15000000,18990000
1228,693,23,1,12990000,9000000,12990000
1229,693,16,1,4990000,3800000,4990000
1230,694,15,2,4990000,3500000,9980000
1231,695,17,1,2990000,2200000,2990000
1232,695,4,1,10990000,8500000,10990000
1233,695,12,1,23990000,18000000,23990000
1234,696,13,3,7490000,5500000,22470000
1235,696,12,1,23990000,18000000,23990000
1236,696,16,2,4990000,3800000,9980000
1237,697,23,1,12990000,9000000,12990000
1238,697,24,1,390000,180000,390000
1239,697,8,1,28990000,22000000,28990000
1240,697,21,1,7490000,5500000,7490000
1241,698,10,2,7490000,5500000,14980000
1242,699,14,1,13990000,10000000,13990000
1243,700,2,1,22990000,18000000,22990000
1244,700,7,1,23990000,18500000,23990000
1245,701,14,2,13990000,10000000,27980000
1246,701,13,1,7490000,5500000,7490000
1247,702,7,2,23990000,18500000,47980000
1248,703,4,1,10990000,8500000,10990000
1249,703,11,1,32990000,25000000,32990000
1250,704,3,1,18990000,15000000,18990000
1251,705,13,1,7490000,5500000,7490000
1252,705,17,2,2990000,2200000,5980000
1253,706,21,2,7490000,5500000,14980000
1254,706,5,1,8490000,6500000,8490000
1255,707,16,1,4990000,3800000,4990000
1256,707,13,1,7490000,5500000,7490000
1257,708,25,1,490000,250000,490000
1258,709,10,1,7490000,5500000,7490000
1259,709,18,1,23990000,18000000,23990000
1260,709,25,2,490000,250000,980000
1261,710,19,1,69990000,55000000,69990000
1262,710,4,1,10990000,8500000,10990000
1263,710,12,1,23990000,18000000,23990000
1264,711,1,1,27990000,22000000,27990000
1265,712,18,2,23990000,18000000,47980000
1266,712,24,2,390000,180000,780000
1267,713,6,2,39990000,32000000,79980000
1268,713,13,2,7490000,5500000,14980000
1269,714,16,2,4990000,3800000,9980000
1270,715,14,3,13990000,10000000,41970000
1271,715,22,1,24990000,18000000,24990000
1272,716,11,1,32990000,25000000,32990000
1273,717,25,1,490000,250000,490000
1274,717,21,2,7490000,5500000,14980000
1275,718,25,1,490000,250000,490000
1276,719,7,1,23990000,18500000,23990000
1277,720,3,1,18990000,15000000,18990000
1278,720,16,1,4990000,3800000,4990000
1279,721,21,1,7490000,5500000,7490000
1280,722,15,2,4990000,3500000,9980000
1281,722,12,1,23990000,18000000,23990000
1282,722,11,1,32990000,25000000,32990000
1283,722,19,1,69990000,55000000,69990000
1284,723,11,1,32990000,25000000,32990000
1285,724,22,2,24990000,18000000,49980000
1286,725,19,1,69990000,55000000,69990000
1287,725,2,1,22990000,18000000,22990000
1288,726,24,2,390000,180000,780000
1289,726,8,2,28990000,22000000,57980000
1290,726,13,1,7490000,5500000,7490000
1291,727,8,2,28990000,22000000,57980000
1292,728,10,1,7490000,5500000,7490000
1293,729,21,2,7490000,5500000,14980000
1294,729,13,1,7490000,5500000,7490000
1295,729,9,1,20990000,16000000,20990000
1296,730,1,1,27990000,22000000,27990000
1297,730,17,2,2990000,2200000,5980000
1298,730,3,1,18990000,15000000,18990000
1299,730,14,1,13990000,10000000,13990000
1300,731,18,2,23990000,18000000,47980000
1301,732,6,2,39990000,32000000,79980000
1302,732,2,1,22990000,18000000,22990000
1303,733,2,2,22990000,18000000,45980000
1304,733,3,1,18990000,15000000,18990000
1305,733,12,2,23990000,18000000,47980000
1306,733,20,1,16990000,12000000,16990000
1307,734,11,2,32990000,25000000,65980000
1308,734,22,1,24990000,18000000,24990000
1309,735,9,1,20990000,16000000,20990000
1310,735,7,1,23990000,18500000,23990000
1311,736,5,1,8490000,6500000,8490000
1312,736,2,1,22990000,18000000,22990000
1313,737,19,3,69990000,55000000,209970000
1314,738,17,1,2990000,2200000,2990000
1315,738,11,1,32990000,25000000,32990000
1316,738,13,1,7490000,5500000,7490000
1317,739,1,1,27990000,22000000,27990000
1318,740,14,3,13990000,10000000,41970000
1319,741,16,1,4990000,3800000,4990000
1320,741,23,1,12990000,9000000,12990000
1321,741,7,1,23990000,18500000,23990000
1322,742,11,1,32990000,25000000,32990000
1323,742,13,1,7490000,5500000,7490000
1324,742,21,1,7490000,5500000,7490000
1325,742,4,1,10990000,8500000,10990000
1326,743,14,1,13990000,10000000,13990000
1327,744,6,1,39990000,32000000,39990000
1328,745,8,1,28990000,22000000,28990000
1329,746,17,1,2990000,2200000,2990000
1330,747,13,1,7490000,5500000,7490000
1331,747,8,1,28990000,22000000,28990000
1332,748,24,1,390000,180000,390000
1333,749,18,1,23990000,18000000,23990000
1334,750,22,2,24990000,18000000,49980000
1335,750,1,1,27990000,22000000,27990000
1336,751,14,3,13990000,10000000,41970000
1337,751,7,1,23990000,18500000,23990000
1338,752,15,2,4990000,3500000,9980000
1339,753,22,1,24990000,18000000,24990000
1340,753,24,3,390000,180000,1170000
1341,753,16,2,4990000,3800000,9980000
1342,753,4,1,10990000,8500000,10990000
1343,754,17,1,2990000,2200000,2990000
1344,754,23,1,12990000,9000000,12990000
1345,754,20,1,16990000,12000000,16990000
1346,755,3,1,18990000,15000000,18990000
1347,755,24,1,390000,180000,390000
1348,755,14,1,13990000,10000000,13990000
1349,756,6,1,39990000,32000000,39990000
1350,757,18,1,23990000,18000000,23990000
1351,758,16,1,4990000,3800000,4990000
1352,758,18,1,23990000,18000000,23990000
1353,759,18,1,23990000,18000000,23990000
1354,760,12,1,23990000,18000000,23990000
1355,761,4,1,10990000,8500000,10990000
1356,761,1,1,27990000,22000000,27990000
1357,762,14,1,13990000,10000000,13990000
1358,762,7,1,23990000,18500000,23990000
1359,763,5,1,8490000,6500000,8490000
1360,764,6,1,39990000,32000000,39990000
1361,764,12,1,23990000,18000000,23990000
1362,765,17,1,2990000,2200000,2990000
1363,766,4,2,10990000,8500000,21980000
1364,767,18,1,23990000,18000000,23990000
1365,768,25,2,490000,250000,980000
1366,769,21,1,7490000,5500000,7490000
1367,770,25,3,490000,250000,1470000
1368,770,18,1,23990000,18000000,23990000
1369,771,15,1,4990000,3500000,4990000
1370,771,3,2,18990000,15000000,37980000
1371,771,6,1,39990000,32000000,39990000
1372,772,12,1,23990000,18000000,23990000
1373,772,23,2,12990000,9000000,25980000
1374,772,25,2,490000,250000,980000
1375,773,21,1,7490000,5500000,7490000
1376,773,10,1,7490000,5500000,7490000
1377,773,23,1,12990000,9000000,12990000
1378,773,17,3,2990000,2200000,8970000
1379,774,14,2,13990000,10000000,27980000
1380,774,15,2,4990000,3500000,9980000
1381,775,18,1,23990000,18000000,23990000
1382,776,19,1,69990000,55000000,69990000
1383,776,17,1,2990000,2200000,2990000
1384,776,14,1,13990000,10000000,13990000
1385,777,9,2,20990000,16000000,41980000
1386,778,1,1,27990000,22000000,27990000
1387,779,10,2,7490000,5500000,14980000
1388,780,5,1,8490000,6500000,8490000
1389,780,17,1,2990000,2200000,2990000
1390,780,22,1,24990000,18000000,24990000
1391,781,3,2,18990000,15000000,37980000
1392,782,12,1,23990000,18000000,23990000
1393,783,6,2,39990000,32000000,79980000
1394,784,19,2,69990000,55000000,139980000
1395,785,9,1,20990000,16000000,20990000
1396,785,19,2,69990000,55000000,139980000
1397,786,22,2,24990000,18000000,49980000
1398,786,4,2,10990000,8500000,21980000
1399,787,3,2,18990000,15000000,37980000
1400,787,7,1,23990000,18500000,23990000
1401,787,8,3,28990000,22000000,86970000
1402,788,17,2,2990000,2200000,5980000
1403,788,3,1,18990000,15000000,18990000
1404,789,12,1,23990000,18000000,23990000
1405,790,18,2,23990000,18000000,47980000
1406,791,20,2,16990000,12000000,33980000
1407,792,14,2,13990000,10000000,27980000
1408,792,1,1,27990000,22000000,27990000
1409,792,10,1,7490000,5500000,7490000
1410,793,16,1,4990000,3800000,4990000
1411,794,14,1,13990000,10000000,13990000
1412,794,11,1,32990000,25000000,32990000
1413,795,20,2,16990000,12000000,33980000
1414,795,23,1,12990000,9000000,12990000
1415,795,12,3,23990000,18000000,71970000
1416,796,3,2,18990000,15000000,37980000
1417,797,20,1,16990000,12000000,16990000
1418,797,11,1,32990000,25000000,32990000
1419,798,18,2,23990000,18000000,47980000
1420,799,6,1,39990000,32000000,39990000
1421,800,11,1,32990000,25000000,32990000
1422,800,5,1,8490000,6500000,8490000
1423,801,13,1,7490000,5500000,7490000
1424,802,23,1,12990000,9000000,12990000
1425,802,8,2,28990000,22000000,57980000
1426,803,10,1,7490000,5500000,7490000
1427,803,9,2,20990000,16000000,41980000
1428,803,25,2,490000,250000,980000
1429,804,11,2,32990000,25000000,65980000
1430,805,7,1,23990000,18500000,23990000
1431,806,14,1,13990000,10000000,13990000
1432,806,25,1,490000,250000,490000
1433,806,5,1,8490000,6500000,8490000
1434,806,11,1,32990000,25000000,32990000
1435,807,23,1,12990000,9000000,12990000
1436,807,6,1,39990000,32000000,39990000
1437,807,8,1,28990000,22000000,28990000
1438,807,16,1,4990000,3800000,4990000
1439,808,18,2,23990000,18000000,47980000
1440,809,9,1,20990000,16000000,20990000
1441,809,5,1,8490000,6500000,8490000
1442,810,15,1,4990000,3500000,4990000
1443,810,20,3,16990000,12000000,50970000
1444,810,6,1,39990000,32000000,39990000
1445,811,19,1,69990000,55000000,69990000
1446,812,13,1,7490000,5500000,7490000
1447,813,20,1,16990000,12000000,16990000
1448,813,12,1,23990000,18000000,23990000
1449,814,1,2,27990000,22000000,55980000
1450,814,11,1,32990000,25000000,32990000
1451,815,19,1,69990000,55000000,69990000
1452,815,9,1,20990000,16000000,20990000
1453,816,2,1,22990000,18000000,22990000
1454,816,25,2,490000,250000,980000
1455,817,16,2,4990000,3800000,9980000
1456,817,12,1,23990000,18000000,23990000
1457,818,12,1,23990000,18000000,23990000
1458,819,3,1,18990000,15000000,18990000
1459,820,8,2,28990000,22000000,57980000
1460,820,6,1,39990000,32000000,39990000
1461,821,7,1,23990000,18500000,23990000
1462,821,21,1,7490000,5500000,7490000
1463,821,17,1,2990000,2200000,2990000
1464,822,20,1,16990000,12000000,16990000
1465,822,18,2,23990000,18000000,47980000
1466,823,18,2,23990000,18000000,47980000
1467,824,23,1,12990000,9000000,12990000
1468,825,22,2,24990000,18000000,49980000
1469,825,14,1,13990000,10000000,13990000
1470,826,14,1,13990000,10000000,13990000
1471,827,23,1,12990000,9000000,12990000
1472,827,19,2,69990000,55000000,139980000
1473,827,10,1,7490000,5500000,7490000
1474,828,21,1,7490000,5500000,7490000
1475,828,7,1,23990000,18500000,23990000
1476,829,18,1,23990000,18000000,23990000
1477,829,15,3,4990000,3500000,14970000
1478,830,6,1,39990000,32000000,39990000
1479,831,19,1,69990000,55000000,69990000
1480,832,16,2,4990000,3800000,9980000
1481,833,18,1,23990000,18000000,23990000
1482,833,7,2,23990000,18500000,47980000
1483,834,8,3,28990000,22000000,86970000
1484,834,4,1,10990000,8500000,10990000
1485,834,22,1,24990000,18000000,24990000
1486,835,22,1,24990000,18000000,24990000
1487,835,1,2,27990000,22000000,55980000
1488,836,6,1,39990000,32000000,39990000
1489,836,25,2,490000,250000,980000
1490,837,7,1,23990000,18500000,23990000
1491,837,18,1,23990000,18000000,23990000
1492,838,25,1,490000,250000,490000
1493,839,3,1,18990000,15000000,18990000
1494,839,5,1,8490000,6500000,8490000
1495,840,5,1,8490000,6500000,8490000
1496,840,19,1,69990000,55000000,69990000
1497,840,16,1,4990000,3800000,4990000
1498,841,7,2,23990000,18500000,47980000
1499,841,1,1,27990000,22000000,27990000
1500,841,11,1,32990000,25000000,32990000
1501,842,18,2,23990000,18000000,47980000
1502,842,14,2,13990000,10000000,27980000
1503,842,17,1,2990000,2200000,2990000
1504,842,10,1,7490000,5500000,7490000
1505,843,6,2,39990000,32000000,79980000
1506,844,14,1,13990000,10000000,13990000
1507,844,20,2,16990000,12000000,33980000
1508,844,2,2,22990000,18000000,45980000
1509,845,16,1,4990000,3800000,4990000
1510,846,2,1,22990000,18000000,22990000
1511,846,23,1,12990000,9000000,12990000
1512,846,5,1,8490000,6500000,8490000
1513,847,1,1,27990000,22000000,27990000
1514,848,7,2,23990000,18500000,47980000
1515,848,18,2,23990000,18000000,47980000
1516,848,5,2,8490000,6500000,16980000
1517,849,10,1,7490000,5500000,7490000
1518,849,22,1,24990000,18000000,24990000
1519,850,8,2,28990000,22000000,57980000
1520,850,6,1,39990000,32000000,39990000
1521,850,25,3,490000,250000,1470000
1522,850,9,1,20990000,16000000,20990000
1523,851,9,1,20990000,16000000,20990000
1524,852,8,1,28990000,22000000,28990000
1525,852,24,1,390000,180000,390000
1526,852,20,1,16990000,12000000,16990000
1527,853,1,1,27990000,22000000,27990000
1528,853,19,1,69990000,55000000,69990000
1529,854,21,2,7490000,5500000,14980000
1530,855,24,1,390000,180000,390000
1531,855,14,2,13990000,10000000,27980000
1532,856,15,1,4990000,3500000,4990000
1533,856,1,3,27990000,22000000,83970000
1534,856,17,2,2990000,2200000,5980000
1535,856,5,2,8490000,6500000,16980000
1536,857,6,1,39990000,32000000,39990000
1537,858,3,1,18990000,15000000,18990000
1538,858,1,1,27990000,22000000,27990000
1539,859,19,1,69990000,55000000,69990000
1540,860,11,1,32990000,25000000,32990000
1541,860,5,1,8490000,6500000,8490000
1542,860,18,1,23990000,18000000,23990000
1543,861,17,1,2990000,2200000,2990000
1544,862,24,1,390000,180000,390000
1545,862,20,1,16990000,12000000,16990000
1546,863,25,1,490000,250000,490000
1547,864,18,3,23990000,18000000,71970000
1548,865,15,1,4990000,3500000,4990000
1549,866,7,1,23990000,18500000,23990000
1550,867,7,2,23990000,18500000,47980000
1551,867,25,1,490000,250000,490000
1552,867,17,1,2990000,2200000,2990000
1553,868,22,1,24990000,18000000,24990000
1554,868,18,3,23990000,18000000,71970000
1555,869,4,2,10990000,8500000,21980000
1556,869,23,1,12990000,9000000,12990000
1557,869,9,1,20990000,16000000,20990000
1558,870,6,1,39990000,32000000,39990000
1559,871,10,1,7490000,5500000,7490000
1560,871,5,2,8490000,6500000,16980000
1561,872,23,1,12990000,9000000,12990000
1562,873,21,2,7490000,5500000,14980000
1563,873,10,1,7490000,5500000,7490000
1564,874,12,2,23990000,18000000,47980000
1565,874,2,2,22990000,18000000,45980000
1566,875,10,3,7490000,5500000,22470000
1567,876,14,1,13990000,10000000,13990000
1568,876,13,1,7490000,5500000,7490000
1569,877,17,2,2990000,2200000,5980000
1570,878,22,1,24990000,18000000,24990000
1571,878,8,2,28990000,22000000,57980000
1572,879,17,1,2990000,2200000,2990000
1573,879,16,1,4990000,3800000,4990000
1574,879,18,1,23990000,18000000,23990000
1575,879,11,1,32990000,25000000,32990000
1576,880,2,3,22990000,18000000,68970000
1577,880,8,1,28990000,22000000,28990000
1578,881,23,1,12990000,9000000,12990000
1579,881,19,3,69990000,55000000,209970000
1580,882,17,1,2990000,2200000,2990000
1581,882,5,2,8490000,6500000,16980000
1582,882,22,1,24990000,18000000,24990000
1583,883,5,1,8490000,6500000,8490000
1584,883,6,2,39990000,32000000,79980000
1585,884,3,1,18990000,15000000,18990000
1586,885,12,1,23990000,18000000,23990000
1587,885,10,1,7490000,5500000,7490000
1588,886,20,1,16990000,12000000,16990000
1589,886,13,2,7490000,5500000,14980000
1590,887,11,2,32990000,25000000,65980000
1591,888,17,2,2990000,2200000,5980000
1592,888,16,1,4990000,3800000,4990000
1593,888,14,1,13990000,10000000,13990000
1594,889,17,1,2990000,2200000,2990000
1595,890,7,1,23990000,18500000,23990000
1596,890,4,1,10990000,8500000,10990000
1597,891,5,1,8490000,6500000,8490000
1598,892,7,1,23990000,18500000,23990000
1599,892,24,2,390000,180000,780000
1600,892,1,1,27990000,22000000,27990000
1601,892,19,1,69990000,55000000,69990000
1602,893,17,2,2990000,2200000,5980000
1603,893,6,2,39990000,32000000,79980000
1604,894,24,1,390000,180000,390000
1605,895,3,1,18990000,15000000,18990000
1606,895,1,2,27990000,22000000,55980000
1607,896,19,1,69990000,55000000,69990000
1608,897,22,1,24990000,18000000,24990000
1609,898,8,1,28990000,22000000,28990000
1610,899,7,1,23990000,18500000,23990000
1611,900,6,1,39990000,32000000,39990000
1612,900,14,2,13990000,10000000,27980000
1613,900,5,1,8490000,6500000,8490000
1614,900,15,3,4990000,3500000,14970000
1615,901,3,1,18990000,15000000,18990000
1616,901,15,2,4990000,3500000,9980000
1617,901,6,1,39990000,32000000,39990000
1618,902,6,1,39990000,32000000,39990000
1619,903,25,1,490000,250000,490000
1620,903,15,1,4990000,3500000,4990000
1621,904,8,1,28990000,22000000,28990000
1622,904,1,1,27990000,22000000,27990000
1623,905,14,1,13990000,10000000,13990000
1624,906,18,2,23990000,18000000,47980000
1625,906,11,2,32990000,25000000,65980000
1626,907,16,1,4990000,3800000,4990000
1627,908,14,1,13990000,10000000,13990000
1628,908,23,1,12990000,9000000,12990000
1629,908,17,1,2990000,2200000,2990000
1630,909,4,1,10990000,8500000,10990000
1631,910,1,1,27990000,22000000,27990000
1632,911,10,1,7490000,5500000,7490000
