TransactionID,ProductID,Quantity,TransactionType,ReferenceID,TransactionDate
1,25,54,IN,1,2024-04-08
2,11,37,IN,1,2024-04-08
3,12,31,IN,1,2024-04-08
4,9,16,IN,2,2023-08-13
5,24,32,IN,2,2023-08-13
6,25,15,IN,3,2023-02-18
7,9,45,IN,3,2023-02-18
8,10,28,IN,3,2023-02-18
9,16,59,IN,4,2024-08-18
10,23,28,IN,4,2024-08-18
11,20,15,IN,4,2024-08-18
12,22,24,IN,4,2024-08-18
13,3,23,IN,5,2023-10-16
14,2,52,IN,5,2023-10-16
15,6,27,IN,5,2023-10-16
16,7,54,IN,5,2023-10-16
17,2,34,IN,6,2024-07-04
18,6,27,IN,6,2024-07-04
19,16,35,IN,7,2023-12-03
20,20,27,IN,7,2023-12-03
21,2,51,IN,8,2024-08-07
22,6,39,IN,8,2024-08-07
23,7,19,IN,8,2024-08-07
24,25,47,IN,9,2023-09-14
25,18,35,IN,9,2023-09-14
26,24,33,IN,9,2023-09-14
27,10,24,IN,9,2023-09-14
28,5,60,IN,10,2023-04-08
29,17,53,IN,10,2023-04-08
30,14,53,IN,11,2024-02-03
31,15,56,IN,11,2024-02-03
32,13,17,IN,11,2024-02-03
33,11,53,IN,11,2024-02-03
34,20,20,IN,12,2024-10-22
35,22,39,IN,12,2024-10-22
36,1,19,IN,13,2024-05-31
37,3,33,IN,13,2024-05-31
38,6,58,IN,13,2024-05-31
39,7,20,IN,13,2024-05-31
40,16,29,IN,14,2024-09-09
41,23,25,IN,14,2024-09-09
42,19,13,IN,14,2024-09-09
43,4,52,IN,15,2023-04-02
44,5,40,IN,15,2023-04-02
45,17,45,IN,15,2023-04-02
46,5,29,IN,16,2024-06-28
47,17,35,IN,16,2024-06-28
48,8,52,IN,16,2024-06-28
49,10,14,IN,17,2024-06-17
50,25,31,IN,17,2024-06-17
51,1,24,IN,18,2024-08-29
52,7,14,IN,18,2024-08-29
53,3,23,IN,19,2023-03-18
54,6,44,IN,19,2023-03-18
55,5,52,IN,20,2023-09-10
56,4,37,IN,20,2023-09-10
57,9,32,IN,20,2023-09-10
58,21,51,IN,21,2024-04-27
59,25,16,IN,21,2024-04-27
60,2,44,IN,22,2023-12-18
61,7,38,IN,22,2023-12-18
62,5,45,IN,23,2023-07-11
63,4,16,IN,23,2023-07-11
64,17,13,IN,23,2023-07-11
65,22,40,IN,24,2023-04-10
66,23,23,IN,24,2023-04-10
67,14,60,IN,25,2023-06-22
68,13,60,IN,25,2023-06-22
69,25,22,IN,26,2024-03-13
70,15,28,IN,26,2024-03-13
71,14,23,IN,26,2024-03-13
72,12,13,IN,26,2024-03-13
73,23,42,IN,27,2023-11-22
74,22,43,IN,27,2023-11-22
75,4,53,IN,28,2024-06-08
76,17,25,IN,28,2024-06-08
77,15,36,IN,29,2024-08-10
78,11,52,IN,29,2024-08-10
79,25,47,IN,29,2024-08-10
80,21,46,IN,29,2024-08-10
81,20,18,IN,30,2023-09-29
82,19,52,IN,30,2023-09-29
83,22,51,IN,30,2023-09-29
84,23,29,IN,30,2023-09-29
85,15,14,IN,31,2023-03-20
86,25,44,IN,31,2023-03-20
87,11,23,IN,31,2023-03-20
88,19,28,IN,32,2023-05-20
89,20,20,IN,32,2023-05-20
90,11,52,IN,33,2024-09-22
91,21,16,IN,33,2024-09-22
92,15,18,IN,33,2024-09-22
93,13,26,IN,33,2024-09-22
94,3,31,IN,34,2024-07-24
95,2,23,IN,34,2024-07-24
96,7,53,IN,34,2024-07-24
97,24,12,IN,35,2023-09-19
98,18,10,IN,35,2023-09-19
99,3,-1,OUT,1,2023-01-13
100,14,-2,OUT,2,2023-01-13
101,7,-1,OUT,3,2023-01-19
102,5,-2,OUT,3,2023-01-19
103,15,-1,OUT,3,2023-01-19
104,9,-1,OUT,4,2023-01-23
105,15,-2,OUT,5,2023-01-14
106,17,-1,OUT,5,2023-01-14
107,6,-1,OUT,6,2023-01-02
108,24,-3,OUT,6,2023-01-02
109,15,-2,OUT,6,2023-01-02
110,22,-2,OUT,7,2023-01-22
111,20,-1,OUT,8,2023-01-03
112,2,-1,OUT,9,2023-01-11
113,21,-1,OUT,9,2023-01-11
114,2,-2,OUT,10,2023-01-13
115,5,-2,OUT,10,2023-01-13
116,4,-1,OUT,11,2023-01-25
117,18,-1,OUT,12,2023-01-10
118,11,-1,OUT,12,2023-01-10
119,25,-1,OUT,12,2023-01-10
120,10,-1,OUT,13,2023-01-28
121,13,-1,OUT,14,2023-01-27
122,12,-2,OUT,15,2023-01-27
123,8,-1,OUT,16,2023-01-13
124,21,-2,OUT,16,2023-01-13
125,24,-2,OUT,16,2023-01-13
126,3,-2,OUT,17,2023-01-07
127,22,-2,OUT,18,2023-01-14
128,10,-1,OUT,19,2023-01-26
129,20,-2,OUT,20,2023-01-22
130,22,-1,OUT,20,2023-01-22
131,23,-3,OUT,21,2023-01-11
132,10,-1,OUT,21,2023-01-11
133,14,-2,OUT,22,2023-01-22
134,22,-1,OUT,23,2023-01-28
135,13,-1,OUT,23,2023-01-28
136,1,-1,OUT,23,2023-01-28
137,7,-2,OUT,24,2023-01-10
138,9,-1,OUT,24,2023-01-10
139,24,-1,OUT,24,2023-01-10
140,4,-2,OUT,25,2023-01-21
141,12,-3,OUT,26,2023-01-03
142,13,-1,OUT,27,2023-01-21
143,15,-1,OUT,28,2023-01-06
144,23,-3,OUT,28,2023-01-06
145,13,-1,OUT,28,2023-01-06
146,23,-2,OUT,29,2023-01-09
147,13,-2,OUT,29,2023-01-09
148,6,-1,OUT,29,2023-01-09
149,18,-1,OUT,30,2023-01-21
150,8,-1,OUT,30,2023-01-21
151,15,-1,OUT,30,2023-01-21
152,17,-1,OUT,30,2023-01-21
153,14,-1,OUT,31,2023-01-24
154,9,-1,OUT,31,2023-01-24
155,25,-1,OUT,32,2023-02-13
156,7,-1,OUT,33,2023-02-27
157,7,-2,OUT,34,2023-02-06
158,3,-1,OUT,35,2023-02-06
159,24,-1,OUT,35,2023-02-06
160,22,-1,OUT,35,2023-02-06
161,6,-2,OUT,36,2023-02-18
162,12,-2,OUT,36,2023-02-18
163,11,-2,OUT,37,2023-02-20
164,16,-1,OUT,38,2023-02-14
165,4,-1,OUT,39,2023-02-17
166,8,-2,OUT,39,2023-02-17
167,19,-2,OUT,39,2023-02-17
168,25,-1,OUT,40,2023-02-03
169,15,-1,OUT,40,2023-02-03
170,12,-1,OUT,40,2023-02-03
171,10,-2,OUT,41,2023-02-01
172,2,-1,OUT,42,2023-02-10
173,12,-1,OUT,42,2023-02-10
174,6,-1,OUT,42,2023-02-10
175,8,-1,OUT,43,2023-02-11
176,24,-1,OUT,44,2023-02-23
177,13,-2,OUT,44,2023-02-23
178,14,-1,OUT,44,2023-02-23
179,6,-1,OUT,45,2023-02-17
180,19,-1,OUT,45,2023-02-17
181,21,-1,OUT,46,2023-02-01
182,10,-2,OUT,46,2023-02-01
183,2,-1,OUT,46,2023-02-01
184,9,-2,OUT,46,2023-02-01
185,3,-1,OUT,47,2023-02-02
186,6,-1,OUT,47,2023-02-02
187,19,-2,OUT,47,2023-02-02
188,8,-1,OUT,47,2023-02-02
189,23,-2,OUT,48,2023-02-17
190,16,-2,OUT,49,2023-02-14
191,17,-1,OUT,50,2023-02-08
192,18,-1,OUT,50,2023-02-08
193,8,-1,OUT,51,2023-02-08
194,9,-1,OUT,51,2023-02-08
195,2,-1,OUT,52,2023-02-16
196,22,-1,OUT,53,2023-02-11
197,6,-1,OUT,54,2023-02-19
198,1,-1,OUT,55,2023-03-23
199,12,-2,OUT,56,2023-03-05
200,6,-1,OUT,57,2023-03-13
201,1,-1,OUT,58,2023-03-11
202,12,-2,OUT,59,2023-03-22
203,16,-2,OUT,59,2023-03-22
204,14,-2,OUT,59,2023-03-22
205,18,-1,OUT,59,2023-03-22
206,2,-1,OUT,60,2023-03-23
207,20,-1,OUT,61,2023-03-11
208,9,-2,OUT,62,2023-03-15
209,3,-1,OUT,62,2023-03-15
210,23,-2,OUT,63,2023-03-01
211,15,-2,OUT,63,2023-03-01
212,14,-1,OUT,63,2023-03-01
213,7,-1,OUT,64,2023-03-08
214,23,-1,OUT,65,2023-03-09
215,1,-1,OUT,65,2023-03-09
216,22,-1,OUT,66,2023-03-05
217,19,-2,OUT,66,2023-03-05
218,1,-1,OUT,66,2023-03-05
219,10,-1,OUT,67,2023-03-22
220,4,-2,OUT,68,2023-03-05
221,10,-2,OUT,68,2023-03-05
222,10,-1,OUT,69,2023-03-13
223,9,-1,OUT,69,2023-03-13
224,24,-1,OUT,69,2023-03-13
225,10,-1,OUT,70,2023-03-24
226,9,-1,OUT,71,2023-03-07
227,17,-1,OUT,72,2023-03-15
228,8,-1,OUT,72,2023-03-15
229,11,-2,OUT,73,2023-03-03
230,24,-1,OUT,73,2023-03-03
231,4,-1,OUT,74,2023-03-26
232,4,-1,OUT,75,2023-03-07
233,21,-1,OUT,76,2023-03-09
234,7,-1,OUT,76,2023-03-09
235,2,-1,OUT,77,2023-03-01
236,23,-1,OUT,78,2023-03-09
237,21,-1,OUT,79,2023-03-18
238,17,-1,OUT,79,2023-03-18
239,20,-1,OUT,79,2023-03-18
240,18,-1,OUT,80,2023-03-12
241,10,-1,OUT,80,2023-03-12
242,1,-1,OUT,80,2023-03-12
243,18,-1,OUT,81,2023-03-14
244,10,-1,OUT,81,2023-03-14
245,12,-2,OUT,81,2023-03-14
246,6,-1,OUT,81,2023-03-14
247,7,-1,OUT,82,2023-03-18
248,18,-1,OUT,83,2023-03-02
249,25,-1,OUT,84,2023-04-19
250,12,-1,OUT,84,2023-04-19
251,5,-2,OUT,84,2023-04-19
252,20,-3,OUT,85,2023-04-12
253,22,-3,OUT,85,2023-04-12
254,5,-1,OUT,86,2023-04-09
255,10,-2,OUT,86,2023-04-09
256,23,-2,OUT,86,2023-04-09
257,18,-1,OUT,87,2023-04-18
258,1,-1,OUT,88,2023-04-10
259,16,-2,OUT,88,2023-04-10
260,8,-1,OUT,88,2023-04-10
261,21,-1,OUT,88,2023-04-10
262,12,-1,OUT,89,2023-04-02
263,2,-1,OUT,90,2023-04-05
264,3,-1,OUT,90,2023-04-05
265,25,-1,OUT,91,2023-04-24
266,15,-2,OUT,91,2023-04-24
267,21,-1,OUT,92,2023-04-07
268,25,-2,OUT,93,2023-04-05
269,24,-1,OUT,93,2023-04-05
270,25,-1,OUT,94,2023-04-21
271,16,-1,OUT,94,2023-04-21
272,5,-2,OUT,94,2023-04-21
273,12,-2,OUT,95,2023-04-23
274,18,-1,OUT,95,2023-04-23
275,3,-1,OUT,96,2023-04-22
276,1,-1,OUT,97,2023-04-14
277,23,-1,OUT,98,2023-04-25
278,1,-1,OUT,98,2023-04-25
279,6,-1,OUT,98,2023-04-25
280,6,-1,OUT,99,2023-04-13
281,21,-1,OUT,100,2023-04-18
282,11,-1,OUT,100,2023-04-18
283,24,-1,OUT,100,2023-04-18
284,15,-1,OUT,101,2023-04-20
285,7,-2,OUT,101,2023-04-20
286,7,-2,OUT,102,2023-04-13
287,8,-2,OUT,103,2023-04-03
288,3,-1,OUT,104,2023-04-08
289,21,-1,OUT,104,2023-04-08
290,21,-2,OUT,105,2023-04-09
291,18,-1,OUT,105,2023-04-09
292,14,-1,OUT,105,2023-04-09
293,20,-3,OUT,105,2023-04-09
294,5,-3,OUT,106,2023-04-20
295,20,-1,OUT,107,2023-04-15
296,10,-1,OUT,107,2023-04-15
297,22,-1,OUT,108,2023-04-25
298,15,-1,OUT,108,2023-04-25
299,7,-1,OUT,108,2023-04-25
300,4,-2,OUT,109,2023-04-11
301,7,-3,OUT,110,2023-04-18
302,5,-2,OUT,110,2023-04-18
303,2,-2,OUT,111,2023-04-09
304,7,-1,OUT,112,2023-04-02
305,17,-1,OUT,112,2023-04-02
306,25,-1,OUT,112,2023-04-02
307,1,-1,OUT,112,2023-04-02
308,6,-1,OUT,113,2023-04-11
309,10,-2,OUT,114,2023-04-02
310,11,-1,OUT,115,2023-04-27
311,21,-1,OUT,115,2023-04-27
312,20,-1,OUT,116,2023-04-21
313,12,-2,OUT,117,2023-04-04
314,23,-2,OUT,117,2023-04-04
315,9,-3,OUT,118,2023-04-06
316,18,-1,OUT,119,2023-05-13
317,3,-2,OUT,119,2023-05-13
318,22,-1,OUT,119,2023-05-13
319,8,-1,OUT,120,2023-05-04
320,2,-1,OUT,120,2023-05-04
321,5,-1,OUT,120,2023-05-04
322,18,-1,OUT,120,2023-05-04
323,24,-2,OUT,121,2023-05-28
324,10,-3,OUT,122,2023-05-06
325,19,-1,OUT,123,2023-05-16
326,9,-2,OUT,123,2023-05-16
327,20,-1,OUT,124,2023-05-02
328,11,-1,OUT,125,2023-05-18
329,16,-1,OUT,125,2023-05-18
330,17,-1,OUT,126,2023-05-20
331,25,-1,OUT,127,2023-05-14
332,24,-2,OUT,128,2023-05-02
333,7,-1,OUT,128,2023-05-02
334,4,-1,OUT,128,2023-05-02
335,18,-1,OUT,128,2023-05-02
336,1,-1,OUT,129,2023-05-28
337,9,-2,OUT,130,2023-05-04
338,12,-1,OUT,130,2023-05-04
339,17,-1,OUT,131,2023-05-13
340,10,-1,OUT,132,2023-05-03
341,20,-1,OUT,132,2023-05-03
342,15,-1,OUT,133,2023-05-07
343,6,-1,OUT,134,2023-05-28
344,14,-2,OUT,135,2023-05-04
345,17,-2,OUT,136,2023-05-19
346,9,-2,OUT,137,2023-05-18
347,15,-1,OUT,138,2023-05-09
348,18,-3,OUT,138,2023-05-09
349,4,-1,OUT,139,2023-05-16
350,5,-2,OUT,139,2023-05-16
351,17,-1,OUT,140,2023-05-03
352,19,-1,OUT,140,2023-05-03
353,20,-1,OUT,141,2023-05-26
354,2,-1,OUT,141,2023-05-26
355,21,-1,OUT,142,2023-05-17
356,25,-2,OUT,142,2023-05-17
357,16,-3,OUT,142,2023-05-17
358,8,-1,OUT,143,2023-05-11
359,9,-1,OUT,144,2023-05-19
360,25,-1,OUT,145,2023-05-15
361,1,-1,OUT,145,2023-05-15
362,5,-1,OUT,146,2023-05-28
363,19,-1,OUT,147,2023-05-09
364,20,-1,OUT,147,2023-05-09
365,4,-1,OUT,148,2023-05-05
366,24,-1,OUT,149,2023-05-14
367,16,-1,OUT,149,2023-05-14
368,1,-2,OUT,149,2023-05-14
369,22,-1,OUT,150,2023-05-20
370,19,-2,OUT,151,2023-05-04
371,7,-1,OUT,151,2023-05-04
372,15,-1,OUT,152,2023-05-26
373,9,-1,OUT,152,2023-05-26
374,24,-1,OUT,152,2023-05-26
375,19,-1,OUT,153,2023-05-13
376,11,-2,OUT,154,2023-05-10
377,10,-1,OUT,155,2023-05-05
378,20,-1,OUT,156,2023-06-26
379,11,-1,OUT,156,2023-06-26
380,24,-1,OUT,156,2023-06-26
381,13,-1,OUT,157,2023-06-14
382,18,-1,OUT,158,2023-06-20
383,1,-2,OUT,158,2023-06-20
384,21,-1,OUT,159,2023-06-18
385,13,-1,OUT,160,2023-06-01
386,6,-1,OUT,160,2023-06-01
387,19,-1,OUT,161,2023-06-13
388,21,-2,OUT,161,2023-06-13
389,5,-1,OUT,162,2023-06-14
390,1,-1,OUT,162,2023-06-14
391,11,-1,OUT,162,2023-06-14
392,13,-2,OUT,163,2023-06-08
393,22,-2,OUT,163,2023-06-08
394,11,-1,OUT,164,2023-06-01
395,17,-2,OUT,164,2023-06-01
396,10,-2,OUT,164,2023-06-01
397,13,-1,OUT,165,2023-06-16
398,11,-1,OUT,165,2023-06-16
399,2,-1,OUT,165,2023-06-16
400,3,-1,OUT,166,2023-06-19
401,16,-1,OUT,166,2023-06-19
402,4,-1,OUT,167,2023-06-23
403,13,-2,OUT,168,2023-06-23
404,8,-1,OUT,168,2023-06-23
405,16,-2,OUT,169,2023-06-24
406,21,-2,OUT,170,2023-06-13
407,11,-1,OUT,171,2023-06-26
408,1,-1,OUT,171,2023-06-26
409,23,-1,OUT,171,2023-06-26
410,8,-1,OUT,172,2023-06-14
411,25,-1,OUT,172,2023-06-14
412,24,-1,OUT,172,2023-06-14
413,13,-1,OUT,173,2023-06-05
414,2,-2,OUT,173,2023-06-05
415,4,-1,OUT,174,2023-06-09
416,4,-2,OUT,175,2023-06-20
417,12,-1,OUT,176,2023-06-15
418,22,-1,OUT,176,2023-06-15
419,4,-2,OUT,176,2023-06-15
420,25,-1,OUT,177,2023-06-14
421,16,-2,OUT,177,2023-06-14
422,23,-1,OUT,177,2023-06-14
423,6,-2,OUT,177,2023-06-14
424,2,-1,OUT,178,2023-06-25
425,21,-2,OUT,179,2023-06-08
426,24,-1,OUT,179,2023-06-08
427,13,-1,OUT,179,2023-06-08
428,19,-1,OUT,180,2023-06-11
429,5,-1,OUT,181,2023-06-13
430,19,-1,OUT,181,2023-06-13
431,6,-1,OUT,182,2023-06-19
432,7,-1,OUT,182,2023-06-19
433,9,-2,OUT,183,2023-06-26
434,19,-1,OUT,184,2023-06-07
435,24,-1,OUT,185,2023-06-22
436,6,-1,OUT,186,2023-06-20
437,8,-3,OUT,186,2023-06-20
438,14,-1,OUT,187,2023-06-27
439,5,-1,OUT,187,2023-06-27
440,9,-1,OUT,187,2023-06-27
441,20,-2,OUT,188,2023-06-25
442,17,-1,OUT,188,2023-06-25
443,8,-1,OUT,188,2023-06-25
444,15,-1,OUT,189,2023-06-12
445,17,-1,OUT,189,2023-06-12
446,10,-1,OUT,189,2023-06-12
447,12,-1,OUT,189,2023-06-12
448,4,-1,OUT,190,2023-06-14
449,13,-3,OUT,190,2023-06-14
450,6,-1,OUT,190,2023-06-14
451,22,-1,OUT,191,2023-06-08
452,20,-1,OUT,191,2023-06-08
453,9,-2,OUT,192,2023-06-11
454,6,-2,OUT,193,2023-06-11
455,18,-1,OUT,194,2023-06-07
456,25,-2,OUT,195,2023-06-17
457,17,-1,OUT,196,2023-06-01
458,18,-1,OUT,197,2023-06-10
459,18,-2,OUT,198,2023-06-13
460,6,-1,OUT,199,2023-07-05
461,14,-1,OUT,200,2023-07-13
462,7,-1,OUT,200,2023-07-13
463,19,-1,OUT,200,2023-07-13
464,15,-1,OUT,201,2023-07-22
465,19,-1,OUT,202,2023-07-04
466,1,-1,OUT,202,2023-07-04
467,2,-1,OUT,202,2023-07-04
468,14,-1,OUT,202,2023-07-04
469,15,-1,OUT,203,2023-07-18
470,9,-1,OUT,204,2023-07-05
471,3,-1,OUT,205,2023-07-03
472,24,-2,OUT,206,2023-07-23
473,9,-1,OUT,206,2023-07-23
474,5,-1,OUT,207,2023-07-09
475,12,-1,OUT,207,2023-07-09
476,21,-1,OUT,207,2023-07-09
477,20,-1,OUT,207,2023-07-09
478,6,-2,OUT,208,2023-07-06
479,12,-1,OUT,209,2023-07-25
480,11,-1,OUT,209,2023-07-25
481,1,-1,OUT,209,2023-07-25
482,6,-1,OUT,209,2023-07-25
483,21,-1,OUT,210,2023-07-26
484,20,-2,OUT,210,2023-07-26
485,3,-1,OUT,211,2023-07-05
486,4,-1,OUT,211,2023-07-05
487,9,-1,OUT,212,2023-07-23
488,10,-2,OUT,213,2023-07-24
489,7,-1,OUT,214,2023-07-01
490,8,-1,OUT,215,2023-07-10
491,12,-1,OUT,215,2023-07-10
492,16,-2,OUT,216,2023-07-10
493,17,-1,OUT,216,2023-07-10
494,4,-1,OUT,217,2023-07-17
495,21,-1,OUT,217,2023-07-17
496,6,-1,OUT,217,2023-07-17
497,7,-1,OUT,218,2023-07-25
498,23,-1,OUT,219,2023-07-21
499,7,-1,OUT,219,2023-07-21
500,16,-1,OUT,219,2023-07-21
501,5,-1,OUT,220,2023-07-14
502,1,-1,OUT,220,2023-07-14
503,23,-2,OUT,220,2023-07-14
504,21,-1,OUT,221,2023-07-28
505,25,-2,OUT,221,2023-07-28
506,3,-2,OUT,222,2023-07-28
507,15,-1,OUT,222,2023-07-28
508,15,-2,OUT,223,2023-07-05
509,3,-1,OUT,223,2023-07-05
510,11,-1,OUT,224,2023-07-12
511,1,-1,OUT,224,2023-07-12
512,24,-2,OUT,224,2023-07-12
513,9,-2,OUT,225,2023-07-14
514,5,-2,OUT,226,2023-07-03
515,11,-1,OUT,226,2023-07-03
516,11,-1,OUT,227,2023-07-25
517,3,-1,OUT,227,2023-07-25
518,5,-1,OUT,227,2023-07-25
519,16,-1,OUT,228,2023-07-16
520,19,-1,OUT,228,2023-07-16
521,4,-1,OUT,229,2023-07-22
522,24,-1,OUT,230,2023-07-15
523,19,-1,OUT,230,2023-07-15
524,21,-2,OUT,230,2023-07-15
525,12,-2,OUT,231,2023-07-27
526,23,-1,OUT,231,2023-07-27
527,2,-1,OUT,231,2023-07-27
528,20,-2,OUT,232,2023-07-11
529,13,-1,OUT,232,2023-07-11
530,5,-1,OUT,232,2023-07-11
531,12,-1,OUT,233,2023-07-11
532,16,-1,OUT,233,2023-07-11
533,13,-1,OUT,234,2023-07-02
534,4,-1,OUT,234,2023-07-02
535,10,-1,OUT,234,2023-07-02
536,20,-1,OUT,235,2023-07-09
537,5,-2,OUT,236,2023-07-04
538,23,-1,OUT,236,2023-07-04
539,16,-1,OUT,237,2023-07-28
540,2,-2,OUT,238,2023-07-06
541,4,-1,OUT,238,2023-07-06
542,24,-1,OUT,239,2023-07-18
543,2,-3,OUT,240,2023-07-09
544,17,-1,OUT,240,2023-07-09
545,11,-1,OUT,241,2023-08-22
546,13,-1,OUT,241,2023-08-22
547,16,-1,OUT,242,2023-08-04
548,8,-1,OUT,242,2023-08-04
549,22,-1,OUT,242,2023-08-04
550,21,-1,OUT,243,2023-08-01
551,16,-1,OUT,243,2023-08-01
552,20,-2,OUT,243,2023-08-01
553,17,-1,OUT,243,2023-08-01
554,12,-1,OUT,244,2023-08-27
555,14,-2,OUT,244,2023-08-27
556,11,-2,OUT,245,2023-08-07
557,10,-1,OUT,246,2023-08-06
558,7,-1,OUT,247,2023-08-20
559,18,-1,OUT,248,2023-08-22
560,4,-1,OUT,248,2023-08-22
561,16,-2,OUT,249,2023-08-27
562,7,-2,OUT,250,2023-08-14
563,15,-1,OUT,251,2023-08-08
564,16,-1,OUT,252,2023-08-05
565,9,-1,OUT,253,2023-08-09
566,23,-1,OUT,253,2023-08-09
567,12,-2,OUT,253,2023-08-09
568,5,-2,OUT,253,2023-08-09
569,15,-2,OUT,254,2023-08-18
570,4,-1,OUT,254,2023-08-18
571,13,-2,OUT,255,2023-08-10
572,21,-1,OUT,255,2023-08-10
573,24,-1,OUT,255,2023-08-10
574,18,-1,OUT,255,2023-08-10
575,5,-2,OUT,256,2023-08-19
576,11,-2,OUT,256,2023-08-19
577,19,-2,OUT,257,2023-08-08
578,17,-1,OUT,258,2023-08-28
579,6,-1,OUT,258,2023-08-28
580,14,-1,OUT,259,2023-08-26
581,17,-1,OUT,260,2023-08-02
582,6,-1,OUT,261,2023-08-12
583,16,-1,OUT,262,2023-08-13
584,3,-2,OUT,262,2023-08-13
585,5,-1,OUT,262,2023-08-13
586,7,-1,OUT,263,2023-08-28
587,4,-1,OUT,263,2023-08-28
588,5,-2,OUT,263,2023-08-28
589,16,-2,OUT,264,2023-08-08
590,21,-1,OUT,264,2023-08-08
591,24,-2,OUT,264,2023-08-08
592,9,-1,OUT,265,2023-08-25
593,23,-1,OUT,266,2023-08-13
594,6,-1,OUT,266,2023-08-13
595,9,-1,OUT,267,2023-08-07
596,21,-1,OUT,267,2023-08-07
597,7,-1,OUT,268,2023-08-03
598,5,-1,OUT,268,2023-08-03
599,11,-3,OUT,269,2023-08-24
600,15,-1,OUT,269,2023-08-24
601,9,-2,OUT,270,2023-08-21
602,19,-1,OUT,270,2023-08-21
603,14,-1,OUT,270,2023-08-21
604,10,-2,OUT,271,2023-08-21
605,14,-1,OUT,272,2023-08-18
606,1,-2,OUT,273,2023-08-23
607,20,-1,OUT,274,2023-08-27
608,20,-1,OUT,275,2023-08-03
609,11,-1,OUT,276,2023-08-09
610,13,-1,OUT,276,2023-08-09
611,18,-1,OUT,276,2023-08-09
612,22,-1,OUT,277,2023-08-28
613,14,-2,OUT,277,2023-08-28
614,23,-1,OUT,278,2023-08-23
615,11,-1,OUT,279,2023-08-03
616,12,-1,OUT,279,2023-08-03
617,12,-1,OUT,280,2023-08-22
618,10,-3,OUT,281,2023-09-19
619,12,-1,OUT,281,2023-09-19
620,3,-1,OUT,282,2023-09-07
621,2,-1,OUT,283,2023-09-05
622,22,-1,OUT,284,2023-09-03
623,8,-2,OUT,284,2023-09-03
624,12,-1,OUT,285,2023-09-04
625,12,-2,OUT,286,2023-09-27
626,14,-1,OUT,287,2023-09-27
627,6,-2,OUT,287,2023-09-27
628,21,-2,OUT,288,2023-09-23
629,7,-2,OUT,288,2023-09-23
630,2,-1,OUT,289,2023-09-02
631,8,-1,OUT,289,2023-09-02
632,4,-1,OUT,289,2023-09-02
633,18,-1,OUT,290,2023-09-06
634,1,-1,OUT,290,2023-09-06
635,20,-1,OUT,291,2023-09-03
636,22,-1,OUT,291,2023-09-03
637,20,-1,OUT,292,2023-09-01
638,5,-1,OUT,292,2023-09-01
639,7,-1,OUT,293,2023-09-16
640,22,-1,OUT,293,2023-09-16
641,15,-1,OUT,293,2023-09-16
642,6,-3,OUT,294,2023-09-22
643,20,-1,OUT,294,2023-09-22
644,12,-1,OUT,295,2023-09-03
645,15,-1,OUT,296,2023-09-07
646,1,-1,OUT,297,2023-09-22
647,25,-1,OUT,298,2023-09-24
648,23,-1,OUT,299,2023-09-03
649,8,-1,OUT,300,2023-09-25
650,9,-1,OUT,301,2023-09-19
651,22,-2,OUT,301,2023-09-19
652,3,-1,OUT,302,2023-09-26
653,15,-1,OUT,302,2023-09-26
654,5,-2,OUT,302,2023-09-26
655,15,-2,OUT,303,2023-09-15
656,8,-1,OUT,304,2023-09-08
657,7,-2,OUT,305,2023-09-18
658,9,-1,OUT,305,2023-09-18
659,14,-2,OUT,306,2023-09-21
660,4,-1,OUT,307,2023-09-23
661,17,-1,OUT,307,2023-09-23
662,17,-2,OUT,308,2023-09-27
663,22,-1,OUT,308,2023-09-27
664,25,-1,OUT,309,2023-09-21
665,10,-2,OUT,309,2023-09-21
666,20,-1,OUT,310,2023-09-01
667,25,-1,OUT,310,2023-09-01
668,19,-2,OUT,310,2023-09-01
669,20,-3,OUT,311,2023-09-24
670,21,-1,OUT,312,2023-09-06
671,16,-1,OUT,312,2023-09-06
672,14,-2,OUT,312,2023-09-06
673,1,-1,OUT,312,2023-09-06
674,1,-2,OUT,313,2023-09-03
675,9,-1,OUT,314,2023-09-17
676,17,-1,OUT,315,2023-09-06
677,20,-1,OUT,315,2023-09-06
678,16,-2,OUT,316,2023-09-15
679,2,-1,OUT,317,2023-09-15
680,23,-2,OUT,317,2023-09-15
681,4,-1,OUT,318,2023-09-22
682,9,-2,OUT,318,2023-09-22
683,13,-1,OUT,319,2023-09-06
684,18,-1,OUT,319,2023-09-06
685,10,-1,OUT,319,2023-09-06
686,15,-1,OUT,320,2023-09-26
687,3,-1,OUT,321,2023-09-13
688,25,-1,OUT,321,2023-09-13
689,24,-1,OUT,321,2023-09-13
690,10,-2,OUT,322,2023-09-13
691,1,-1,OUT,323,2023-09-19
692,25,-1,OUT,324,2023-09-08
693,16,-1,OUT,325,2023-09-13
694,8,-3,OUT,325,2023-09-13
695,4,-1,OUT,326,2023-09-01
696,20,-2,OUT,326,2023-09-01
697,19,-1,OUT,327,2023-09-25
698,2,-2,OUT,327,2023-09-25
699,1,-1,OUT,327,2023-09-25
700,22,-2,OUT,327,2023-09-25
701,14,-1,OUT,328,2023-09-23
702,14,-2,OUT,329,2023-09-28
703,4,-2,OUT,330,2023-09-05
704,23,-2,OUT,330,2023-09-05
705,11,-1,OUT,330,2023-09-05
706,24,-1,OUT,331,2023-09-23
707,20,-2,OUT,332,2023-09-27
708,25,-1,OUT,332,2023-09-27
709,22,-2,OUT,333,2023-09-17
710,24,-3,OUT,334,2023-09-15
711,11,-2,OUT,335,2023-10-18
712,4,-1,OUT,336,2023-10-16
713,24,-1,OUT,337,2023-10-01
714,11,-1,OUT,338,2023-10-20
715,16,-1,OUT,339,2023-10-05
716,4,-2,OUT,339,2023-10-05
717,10,-2,OUT,340,2023-10-01
718,1,-2,OUT,340,2023-10-01
719,17,-1,OUT,340,2023-10-01
720,15,-2,OUT,340,2023-10-01
721,13,-1,OUT,341,2023-10-05
722,6,-1,OUT,341,2023-10-05
723,25,-1,OUT,341,2023-10-05
724,11,-1,OUT,342,2023-10-19
725,20,-2,OUT,343,2023-10-10
726,23,-1,OUT,344,2023-10-17
727,20,-1,OUT,344,2023-10-17
728,19,-1,OUT,344,2023-10-17
729,19,-1,OUT,345,2023-10-07
730,23,-1,OUT,345,2023-10-07
731,13,-1,OUT,345,2023-10-07
732,21,-1,OUT,346,2023-10-18
733,17,-1,OUT,347,2023-10-12
734,24,-1,OUT,348,2023-10-02
735,11,-2,OUT,349,2023-10-17
736,14,-2,OUT,349,2023-10-17
737,14,-2,OUT,350,2023-10-24
738,2,-1,OUT,351,2023-10-21
739,15,-1,OUT,351,2023-10-21
740,23,-1,OUT,352,2023-10-23
741,7,-1,OUT,353,2023-10-02
742,8,-1,OUT,354,2023-10-19
743,18,-1,OUT,354,2023-10-19
744,21,-2,OUT,354,2023-10-19
745,9,-2,OUT,355,2023-10-04
746,23,-1,OUT,356,2023-10-26
747,7,-1,OUT,357,2023-10-23
748,24,-2,OUT,358,2023-10-14
749,2,-2,OUT,359,2023-10-26
750,15,-1,OUT,359,2023-10-26
751,24,-1,OUT,359,2023-10-26
752,8,-1,OUT,360,2023-10-17
753,9,-2,OUT,361,2023-10-13
754,5,-2,OUT,361,2023-10-13
755,2,-3,OUT,361,2023-10-13
756,17,-1,OUT,362,2023-10-04
757,4,-2,OUT,363,2023-10-21
758,3,-1,OUT,363,2023-10-21
759,10,-1,OUT,364,2023-10-23
760,7,-1,OUT,365,2023-10-17
761,12,-1,OUT,366,2023-10-19
762,9,-1,OUT,367,2023-10-16
763,4,-1,OUT,367,2023-10-16
764,3,-1,OUT,368,2023-10-09
765,6,-1,OUT,369,2023-10-26
766,17,-1,OUT,370,2023-10-18
767,25,-1,OUT,371,2023-10-04
768,22,-1,OUT,371,2023-10-04
769,14,-2,OUT,372,2023-10-17
770,6,-1,OUT,372,2023-10-17
771,16,-1,OUT,372,2023-10-17
772,24,-1,OUT,372,2023-10-17
773,22,-2,OUT,373,2023-10-20
774,23,-2,OUT,374,2023-10-28
775,20,-1,OUT,374,2023-10-28
776,18,-2,OUT,374,2023-10-28
777,6,-2,OUT,375,2023-10-12
778,2,-1,OUT,375,2023-10-12
779,17,-2,OUT,376,2023-10-24
780,9,-2,OUT,376,2023-10-24
781,3,-1,OUT,377,2023-10-24
782,20,-1,OUT,377,2023-10-24
783,1,-1,OUT,377,2023-10-24
784,7,-1,OUT,377,2023-10-24
785,4,-1,OUT,378,2023-10-23
786,12,-1,OUT,379,2023-10-07
787,19,-2,OUT,379,2023-10-07
788,16,-1,OUT,380,2023-10-25
789,23,-1,OUT,380,2023-10-25
790,8,-1,OUT,380,2023-10-25
791,14,-1,OUT,381,2023-10-27
792,6,-1,OUT,382,2023-10-12
793,1,-3,OUT,383,2023-10-19
794,17,-1,OUT,383,2023-10-19
795,14,-2,OUT,383,2023-10-19
796,12,-1,OUT,383,2023-10-19
797,6,-1,OUT,384,2023-10-03
798,24,-2,OUT,384,2023-10-03
799,15,-1,OUT,385,2023-10-16
800,17,-1,OUT,385,2023-10-16
801,7,-2,OUT,386,2023-10-15
802,21,-1,OUT,386,2023-10-15
803,13,-1,OUT,387,2023-10-15
804,22,-1,OUT,387,2023-10-15
805,13,-1,OUT,388,2023-10-15
806,25,-1,OUT,389,2023-10-07
807,4,-1,OUT,390,2023-10-18
808,17,-2,OUT,390,2023-10-18
809,25,-1,OUT,390,2023-10-18
810,9,-1,OUT,391,2023-11-22
811,6,-1,OUT,392,2023-11-27
812,20,-3,OUT,392,2023-11-27
813,3,-1,OUT,393,2023-11-14
814,22,-1,OUT,394,2023-11-13
815,25,-3,OUT,394,2023-11-13
816,1,-1,OUT,395,2023-11-08
817,13,-2,OUT,396,2023-11-12
818,11,-1,OUT,397,2023-11-11
819,15,-1,OUT,398,2023-11-11
820,21,-1,OUT,399,2023-11-28
821,5,-1,OUT,400,2023-11-25
822,22,-2,OUT,400,2023-11-25
823,19,-1,OUT,401,2023-11-24
824,3,-1,OUT,402,2023-11-08
825,12,-1,OUT,403,2023-11-16
826,1,-2,OUT,403,2023-11-16
827,19,-1,OUT,404,2023-11-16
828,6,-2,OUT,404,2023-11-16
829,17,-1,OUT,405,2023-11-22
830,5,-2,OUT,406,2023-11-18
831,22,-1,OUT,407,2023-11-23
832,8,-1,OUT,408,2023-11-23
833,24,-1,OUT,408,2023-11-23
834,14,-2,OUT,409,2023-11-19
835,12,-1,OUT,410,2023-11-12
836,8,-1,OUT,411,2023-11-01
837,2,-1,OUT,412,2023-11-02
838,22,-1,OUT,413,2023-11-03
839,19,-1,OUT,414,2023-11-03
840,8,-1,OUT,414,2023-11-03
841,7,-1,OUT,415,2023-11-16
842,21,-1,OUT,415,2023-11-16
843,6,-1,OUT,415,2023-11-16
844,7,-1,OUT,416,2023-11-18
845,5,-2,OUT,417,2023-11-02
846,2,-1,OUT,417,2023-11-02
847,9,-1,OUT,418,2023-11-21
848,18,-1,OUT,419,2023-11-25
849,19,-1,OUT,419,2023-11-25
850,7,-3,OUT,420,2023-11-03
851,22,-2,OUT,421,2023-11-13
852,20,-1,OUT,421,2023-11-13
853,13,-1,OUT,422,2023-11-02
854,24,-2,OUT,422,2023-11-02
855,18,-1,OUT,422,2023-11-02
856,5,-1,OUT,423,2023-11-12
857,15,-1,OUT,424,2023-11-24
858,6,-1,OUT,424,2023-11-24
859,18,-1,OUT,424,2023-11-24
860,13,-2,OUT,425,2023-11-19
861,18,-1,OUT,425,2023-11-19
862,12,-1,OUT,425,2023-11-19
863,24,-1,OUT,426,2023-11-05
864,1,-1,OUT,427,2023-11-28
865,6,-1,OUT,427,2023-11-28
866,5,-2,OUT,427,2023-11-28
867,8,-1,OUT,428,2023-11-21
868,23,-1,OUT,428,2023-11-21
869,12,-2,OUT,429,2023-11-17
870,18,-3,OUT,429,2023-11-17
871,18,-1,OUT,430,2023-11-10
872,22,-2,OUT,430,2023-11-10
873,10,-1,OUT,430,2023-11-10
874,15,-2,OUT,431,2023-11-06
875,2,-1,OUT,432,2023-11-06
876,2,-1,OUT,433,2023-11-05
877,21,-1,OUT,434,2023-11-04
878,20,-1,OUT,434,2023-11-04
879,10,-3,OUT,435,2023-11-15
880,6,-1,OUT,435,2023-11-15
881,9,-1,OUT,436,2023-11-20
882,21,-1,OUT,436,2023-11-20
883,24,-1,OUT,436,2023-11-20
884,12,-2,OUT,437,2023-11-09
885,2,-1,OUT,438,2023-11-04
886,12,-1,OUT,439,2023-11-02
887,14,-3,OUT,439,2023-11-02
888,6,-2,OUT,439,2023-11-02
889,3,-2,OUT,440,2023-11-22
890,15,-1,OUT,441,2023-11-02
891,17,-2,OUT,442,2023-11-28
892,15,-1,OUT,443,2023-11-28
893,10,-1,OUT,444,2023-11-07
894,18,-1,OUT,444,2023-11-07
895,13,-1,OUT,445,2023-11-16
896,8,-2,OUT,445,2023-11-16
897,19,-1,OUT,446,2023-11-13
898,10,-1,OUT,446,2023-11-13
899,13,-1,OUT,446,2023-11-13
900,15,-1,OUT,447,2023-11-04
901,3,-1,OUT,447,2023-11-04
902,13,-3,OUT,448,2023-11-25
903,3,-1,OUT,449,2023-11-03
904,7,-2,OUT,449,2023-11-03
905,14,-1,OUT,450,2023-11-01
906,6,-1,OUT,451,2023-11-18
907,12,-1,OUT,452,2023-11-21
908,6,-1,OUT,452,2023-11-21
909,9,-1,OUT,452,2023-11-21
910,6,-1,OUT,453,2023-11-17
911,16,-1,OUT,454,2023-11-09
912,23,-1,OUT,455,2023-11-24
913,24,-3,OUT,455,2023-11-24
914,25,-2,OUT,455,2023-11-24
915,14,-1,OUT,456,2023-11-18
916,9,-1,OUT,457,2023-11-21
917,19,-2,OUT,458,2023-11-22
918,23,-1,OUT,458,2023-11-22
919,13,-1,OUT,459,2023-11-15
920,13,-1,OUT,460,2023-11-07
921,9,-1,OUT,461,2023-11-22
922,7,-1,OUT,461,2023-11-22
923,2,-3,OUT,462,2023-11-14
924,20,-1,OUT,463,2023-11-08
925,21,-1,OUT,464,2023-11-28
926,18,-2,OUT,464,2023-11-28
927,14,-3,OUT,464,2023-11-28
928,24,-2,OUT,465,2023-11-15
929,9,-1,OUT,465,2023-11-15
930,16,-1,OUT,466,2023-11-07
931,1,-3,OUT,466,2023-11-07
932,12,-2,OUT,466,2023-11-07
933,23,-2,OUT,467,2023-11-10
934,4,-1,OUT,467,2023-11-10
935,10,-2,OUT,468,2023-11-18
936,14,-1,OUT,469,2023-11-06
937,7,-1,OUT,469,2023-11-06
938,6,-2,OUT,470,2023-12-11
939,5,-1,OUT,471,2023-12-21
940,8,-3,OUT,472,2023-12-01
941,21,-1,OUT,473,2023-12-11
942,15,-1,OUT,474,2023-12-18
943,6,-1,OUT,474,2023-12-18
944,14,-1,OUT,475,2023-12-23
945,18,-1,OUT,475,2023-12-23
946,11,-2,OUT,475,2023-12-23
947,10,-1,OUT,476,2023-12-23
948,24,-3,OUT,476,2023-12-23
949,24,-1,OUT,477,2023-12-11
950,19,-1,OUT,478,2023-12-11
951,15,-2,OUT,479,2023-12-24
952,22,-2,OUT,479,2023-12-24
953,6,-1,OUT,480,2023-12-23
954,5,-2,OUT,480,2023-12-23
955,20,-1,OUT,480,2023-12-23
956,17,-2,OUT,481,2023-12-02
957,10,-2,OUT,481,2023-12-02
958,23,-1,OUT,482,2023-12-28
959,15,-1,OUT,482,2023-12-28
960,8,-1,OUT,483,2023-12-23
961,24,-2,OUT,483,2023-12-23
962,3,-1,OUT,484,2023-12-15
963,11,-1,OUT,484,2023-12-15
964,3,-1,OUT,485,2023-12-26
965,6,-1,OUT,485,2023-12-26
966,10,-1,OUT,485,2023-12-26
967,17,-1,OUT,486,2023-12-23
968,22,-2,OUT,487,2023-12-04
969,23,-1,OUT,488,2023-12-27
970,12,-1,OUT,488,2023-12-27
971,3,-2,OUT,489,2023-12-28
972,9,-1,OUT,490,2023-12-01
973,25,-2,OUT,491,2023-12-11
974,12,-2,OUT,492,2023-12-14
975,18,-1,OUT,492,2023-12-14
976,13,-3,OUT,492,2023-12-14
977,12,-1,OUT,493,2023-12-07
978,11,-1,OUT,494,2023-12-07
979,9,-1,OUT,495,2023-12-26
980,7,-1,OUT,496,2023-12-09
981,7,-1,OUT,497,2023-12-28
982,25,-1,OUT,497,2023-12-28
983,14,-2,OUT,497,2023-12-28
984,4,-1,OUT,497,2023-12-28
985,15,-1,OUT,498,2023-12-10
986,18,-1,OUT,498,2023-12-10
987,8,-1,OUT,499,2023-12-16
988,9,-2,OUT,500,2023-12-11
989,19,-2,OUT,500,2023-12-11
990,13,-3,OUT,500,2023-12-11
991,17,-1,OUT,501,2023-12-07
992,19,-1,OUT,502,2023-12-06
993,15,-1,OUT,503,2023-12-03
994,19,-2,OUT,504,2023-12-11
995,24,-2,OUT,505,2023-12-18
996,25,-2,OUT,505,2023-12-18
997,19,-2,OUT,505,2023-12-18
998,7,-1,OUT,506,2023-12-21
999,22,-1,OUT,506,2023-12-21
1000,24,-1,OUT,507,2023-12-04
1001,7,-1,OUT,508,2023-12-22
1002,14,-1,OUT,508,2023-12-22
1003,8,-2,OUT,509,2023-12-19
1004,7,-1,OUT,509,2023-12-19
1005,11,-1,OUT,510,2023-12-23
1006,15,-1,OUT,510,2023-12-23
1007,20,-1,OUT,511,2023-12-17
1008,3,-1,OUT,512,2023-12-11
1009,12,-1,OUT,513,2023-12-12
1010,8,-1,OUT,513,2023-12-12
1011,21,-2,OUT,514,2023-12-02
1012,18,-2,OUT,515,2023-12-04
1013,10,-1,OUT,515,2023-12-04
1014,6,-1,OUT,516,2023-12-11
1015,1,-2,OUT,516,2023-12-11
1016,20,-2,OUT,517,2023-12-20
1017,23,-1,OUT,518,2023-12-10
1018,4,-2,OUT,518,2023-12-10
1019,25,-1,OUT,518,2023-12-10
1020,19,-1,OUT,519,2023-12-12
1021,18,-1,OUT,519,2023-12-12
1022,15,-2,OUT,520,2023-12-27
1023,25,-2,OUT,521,2023-12-11
1024,21,-2,OUT,522,2023-12-16
1025,7,-1,OUT,522,2023-12-16
1026,24,-2,OUT,523,2023-12-22
1027,16,-2,OUT,524,2023-12-09
1028,6,-2,OUT,525,2023-12-04
1029,7,-1,OUT,526,2023-12-19
1030,21,-2,OUT,527,2023-12-09
1031,16,-1,OUT,528,2023-12-10
1032,6,-1,OUT,528,2023-12-10
1033,4,-1,OUT,528,2023-12-10
1034,12,-1,OUT,529,2023-12-26
1035,2,-1,OUT,530,2023-12-02
1036,23,-1,OUT,531,2023-12-10
1037,11,-1,OUT,532,2023-12-12
1038,3,-1,OUT,532,2023-12-12
1039,21,-1,OUT,533,2023-12-14
1040,11,-1,OUT,534,2023-12-19
1041,13,-1,OUT,534,2023-12-19
1042,15,-1,OUT,535,2023-12-08
1043,21,-2,OUT,535,2023-12-08
1044,4,-1,OUT,535,2023-12-08
1045,11,-2,OUT,535,2023-12-08
1046,24,-2,OUT,536,2023-12-12
1047,14,-1,OUT,537,2023-12-07
1048,5,-1,OUT,538,2023-12-12
1049,17,-1,OUT,539,2023-12-23
1050,15,-1,OUT,539,2023-12-23
1051,6,-2,OUT,539,2023-12-23
1052,12,-2,OUT,539,2023-12-23
1053,19,-1,OUT,540,2023-12-08
1054,4,-1,OUT,541,2023-12-28
1055,21,-2,OUT,541,2023-12-28
1056,3,-1,OUT,542,2023-12-20
1057,10,-1,OUT,542,2023-12-20
1058,16,-1,OUT,543,2023-12-14
1059,1,-1,OUT,544,2023-12-17
1060,21,-1,OUT,544,2023-12-17
1061,23,-1,OUT,545,2023-12-26
1062,25,-1,OUT,545,2023-12-26
1063,22,-1,OUT,545,2023-12-26
1064,25,-1,OUT,546,2023-12-19
1065,11,-1,OUT,546,2023-12-19
1066,21,-1,OUT,547,2023-12-01
1067,4,-1,OUT,547,2023-12-01
1068,22,-1,OUT,548,2023-12-05
1069,21,-1,OUT,548,2023-12-05
1070,18,-1,OUT,549,2023-12-03
1071,9,-1,OUT,550,2023-12-23
1072,25,-1,OUT,551,2023-12-16
1073,19,-2,OUT,552,2023-12-09
1074,14,-1,OUT,552,2023-12-09
1075,24,-3,OUT,552,2023-12-09
1076,6,-1,OUT,553,2023-12-03
1077,16,-1,OUT,553,2023-12-03
1078,23,-1,OUT,554,2023-12-13
1079,17,-1,OUT,555,2023-12-22
1080,9,-1,OUT,556,2023-12-24
1081,22,-2,OUT,556,2023-12-24
1082,4,-1,OUT,556,2023-12-24
1083,13,-1,OUT,557,2023-12-02
1084,24,-1,OUT,558,2023-12-09
1085,14,-1,OUT,559,2023-12-01
1086,4,-1,OUT,560,2024-01-05
1087,17,-1,OUT,560,2024-01-05
1088,25,-1,OUT,560,2024-01-05
1089,2,-2,OUT,561,2024-01-25
1090,16,-1,OUT,562,2024-01-23
1091,11,-1,OUT,563,2024-01-21
1092,3,-1,OUT,564,2024-01-20
1093,15,-2,OUT,565,2024-01-15
1094,2,-1,OUT,565,2024-01-15
1095,5,-1,OUT,566,2024-01-12
1096,21,-2,OUT,566,2024-01-12
1097,22,-1,OUT,567,2024-01-14
1098,12,-1,OUT,567,2024-01-14
1099,9,-2,OUT,568,2024-01-05
1100,13,-1,OUT,569,2024-01-07
1101,9,-1,OUT,570,2024-01-03
1102,23,-1,OUT,570,2024-01-03
1103,14,-1,OUT,571,2024-01-04
1104,8,-1,OUT,572,2024-01-02
1105,20,-2,OUT,572,2024-01-02
1106,2,-1,OUT,572,2024-01-02
1107,12,-1,OUT,573,2024-01-02
1108,15,-1,OUT,573,2024-01-02
1109,17,-1,OUT,574,2024-01-15
1110,10,-1,OUT,574,2024-01-15
1111,23,-1,OUT,574,2024-01-15
1112,8,-1,OUT,574,2024-01-15
1113,5,-1,OUT,575,2024-01-21
1114,12,-1,OUT,576,2024-01-09
1115,21,-2,OUT,576,2024-01-09
1116,20,-1,OUT,577,2024-01-13
1117,20,-2,OUT,578,2024-01-11
1118,3,-2,OUT,578,2024-01-11
1119,14,-1,OUT,578,2024-01-11
1120,1,-1,OUT,578,2024-01-11
1121,14,-1,OUT,579,2024-01-05
1122,17,-2,OUT,580,2024-01-07
1123,18,-1,OUT,580,2024-01-07
1124,3,-2,OUT,580,2024-01-07
1125,10,-1,OUT,581,2024-01-01
1126,7,-1,OUT,582,2024-01-23
1127,5,-1,OUT,582,2024-01-23
1128,25,-1,OUT,582,2024-01-23
1129,8,-1,OUT,583,2024-01-21
1130,23,-1,OUT,583,2024-01-21
1131,6,-1,OUT,584,2024-01-12
1132,21,-1,OUT,584,2024-01-12
1133,14,-1,OUT,584,2024-01-12
1134,10,-1,OUT,584,2024-01-12
1135,17,-1,OUT,585,2024-01-26
1136,15,-1,OUT,586,2024-01-17
1137,8,-1,OUT,586,2024-01-17
1138,4,-1,OUT,587,2024-01-22
1139,21,-2,OUT,588,2024-02-23
1140,7,-1,OUT,589,2024-02-05
1141,14,-2,OUT,589,2024-02-05
1142,15,-3,OUT,590,2024-02-08
1143,1,-1,OUT,591,2024-02-22
1144,10,-2,OUT,591,2024-02-22
1145,19,-2,OUT,592,2024-02-04
1146,22,-1,OUT,592,2024-02-04
1147,24,-1,OUT,593,2024-02-27
1148,22,-1,OUT,594,2024-02-19
1149,6,-1,OUT,595,2024-02-25
1150,22,-1,OUT,595,2024-02-25
1151,20,-2,OUT,596,2024-02-12
1152,18,-2,OUT,596,2024-02-12
1153,18,-1,OUT,597,2024-02-02
1154,24,-1,OUT,597,2024-02-02
1155,19,-3,OUT,597,2024-02-02
1156,7,-2,OUT,598,2024-02-16
1157,10,-2,OUT,598,2024-02-16
1158,19,-1,OUT,598,2024-02-16
1159,25,-1,OUT,598,2024-02-16
1160,20,-1,OUT,599,2024-02-02
1161,18,-1,OUT,599,2024-02-02
1162,16,-2,OUT,600,2024-02-16
1163,5,-2,OUT,600,2024-02-16
1164,2,-1,OUT,601,2024-02-22
1165,14,-1,OUT,602,2024-02-03
1166,15,-1,OUT,603,2024-02-20
1167,25,-1,OUT,603,2024-02-20
1168,2,-1,OUT,603,2024-02-20
1169,11,-3,OUT,604,2024-02-12
1170,8,-2,OUT,604,2024-02-12
1171,12,-3,OUT,605,2024-02-03
1172,6,-1,OUT,606,2024-02-02
1173,9,-1,OUT,607,2024-02-02
1174,1,-1,OUT,607,2024-02-02
1175,23,-1,OUT,607,2024-02-02
1176,4,-1,OUT,608,2024-02-10
1177,9,-1,OUT,608,2024-02-10
1178,14,-1,OUT,608,2024-02-10
1179,1,-1,OUT,609,2024-02-28
1180,25,-1,OUT,610,2024-02-12
1181,6,-2,OUT,610,2024-02-12
1182,18,-1,OUT,611,2024-02-21
1183,16,-2,OUT,612,2024-02-07
1184,14,-1,OUT,612,2024-02-07
1185,12,-3,OUT,612,2024-02-07
1186,21,-1,OUT,613,2024-02-01
1187,8,-1,OUT,614,2024-02-06
1188,22,-1,OUT,615,2024-02-25
1189,11,-2,OUT,616,2024-02-18
1190,10,-2,OUT,617,2024-02-12
1191,23,-3,OUT,618,2024-03-17
1192,1,-1,OUT,618,2024-03-17
1193,19,-1,OUT,618,2024-03-17
1194,1,-1,OUT,619,2024-03-13
1195,16,-1,OUT,620,2024-03-20
1196,15,-1,OUT,621,2024-03-02
1197,17,-1,OUT,622,2024-03-24
1198,3,-1,OUT,622,2024-03-24
1199,13,-1,OUT,623,2024-03-15
1200,4,-1,OUT,624,2024-03-23
1201,1,-1,OUT,625,2024-03-27
1202,12,-1,OUT,626,2024-03-27
1203,17,-2,OUT,627,2024-03-16
1204,9,-1,OUT,627,2024-03-16
1205,14,-1,OUT,627,2024-03-16
1206,22,-1,OUT,628,2024-03-22
1207,5,-1,OUT,629,2024-03-22
1208,13,-1,OUT,629,2024-03-22
1209,5,-2,OUT,630,2024-03-09
1210,13,-1,OUT,631,2024-03-15
1211,16,-1,OUT,631,2024-03-15
1212,12,-1,OUT,631,2024-03-15
1213,24,-1,OUT,632,2024-03-24
1214,17,-1,OUT,632,2024-03-24
1215,15,-1,OUT,633,2024-03-03
1216,3,-1,OUT,634,2024-03-16
1217,1,-1,OUT,634,2024-03-16
1218,8,-1,OUT,635,2024-03-25
1219,23,-1,OUT,635,2024-03-25
1220,14,-1,OUT,636,2024-03-07
1221,22,-2,OUT,637,2024-03-25
1222,9,-2,OUT,637,2024-03-25
1223,21,-1,OUT,637,2024-03-25
1224,2,-1,OUT,637,2024-03-25
1225,17,-1,OUT,638,2024-03-08
1226,13,-1,OUT,638,2024-03-08
1227,5,-1,OUT,638,2024-03-08
1228,8,-1,OUT,638,2024-03-08
1229,22,-1,OUT,639,2024-03-16
1230,19,-2,OUT,639,2024-03-16
1231,23,-1,OUT,639,2024-03-16
1232,9,-1,OUT,640,2024-03-28
1233,20,-1,OUT,641,2024-03-19
1234,22,-1,OUT,642,2024-03-17
1235,16,-2,OUT,643,2024-03-22
1236,7,-1,OUT,643,2024-03-22
1237,6,-1,OUT,644,2024-03-07
1238,7,-1,OUT,644,2024-03-07
1239,16,-2,OUT,645,2024-03-18
1240,24,-1,OUT,646,2024-03-20
1241,25,-1,OUT,646,2024-03-20
1242,4,-1,OUT,647,2024-03-28
1243,16,-1,OUT,647,2024-03-28
1244,18,-1,OUT,648,2024-03-22
1245,17,-1,OUT,648,2024-03-22
1246,8,-2,OUT,649,2024-03-10
1247,19,-1,OUT,650,2024-03-26
1248,5,-2,OUT,651,2024-03-15
1249,5,-2,OUT,652,2024-03-21
1250,16,-2,OUT,653,2024-03-21
1251,11,-1,OUT,654,2024-04-16
1252,8,-1,OUT,655,2024-04-22
1253,3,-1,OUT,655,2024-04-22
1254,11,-1,OUT,656,2024-04-05
1255,19,-1,OUT,657,2024-04-04
1256,3,-1,OUT,657,2024-04-04
1257,12,-1,OUT,658,2024-04-18
1258,16,-1,OUT,658,2024-04-18
1259,9,-1,OUT,659,2024-04-20
1260,17,-1,OUT,659,2024-04-20
1261,18,-1,OUT,659,2024-04-20
1262,13,-2,OUT,660,2024-04-21
1263,21,-1,OUT,660,2024-04-21
1264,16,-3,OUT,661,2024-04-08
1265,18,-3,OUT,662,2024-04-10
1266,2,-1,OUT,663,2024-04-25
1267,15,-1,OUT,663,2024-04-25
1268,14,-1,OUT,664,2024-04-24
1269,3,-1,OUT,664,2024-04-24
1270,24,-3,OUT,665,2024-04-27
1271,9,-1,OUT,666,2024-04-02
1272,22,-1,OUT,666,2024-04-02
1273,17,-1,OUT,666,2024-04-02
1274,10,-1,OUT,667,2024-04-23
1275,24,-1,OUT,667,2024-04-23
1276,5,-1,OUT,667,2024-04-23
1277,19,-1,OUT,668,2024-04-22
1278,13,-2,OUT,668,2024-04-22
1279,16,-1,OUT,669,2024-04-20
1280,14,-2,OUT,669,2024-04-20
1281,5,-2,OUT,669,2024-04-20
1282,20,-1,OUT,669,2024-04-20
1283,10,-1,OUT,670,2024-04-27
1284,12,-3,OUT,671,2024-04-03
1285,12,-1,OUT,672,2024-04-05
1286,6,-2,OUT,672,2024-04-05
1287,11,-2,OUT,672,2024-04-05
1288,14,-1,OUT,673,2024-04-28
1289,11,-1,OUT,673,2024-04-28
1290,25,-2,OUT,673,2024-04-28
1291,20,-1,OUT,674,2024-04-14
1292,3,-1,OUT,674,2024-04-14
1293,21,-1,OUT,674,2024-04-14
1294,14,-1,OUT,675,2024-04-08
1295,2,-2,OUT,676,2024-04-11
1296,6,-1,OUT,677,2024-04-17
1297,19,-2,OUT,678,2024-04-28
1298,8,-1,OUT,678,2024-04-28
1299,11,-1,OUT,678,2024-04-28
1300,5,-1,OUT,679,2024-04-28
1301,23,-2,OUT,680,2024-04-16
1302,5,-1,OUT,681,2024-04-17
1303,12,-1,OUT,682,2024-04-28
1304,20,-1,OUT,682,2024-04-28
1305,23,-1,OUT,683,2024-04-09
1306,4,-2,OUT,683,2024-04-09
1307,22,-1,OUT,683,2024-04-09
1308,12,-1,OUT,684,2024-04-27
1309,16,-2,OUT,685,2024-04-16
1310,18,-2,OUT,686,2024-04-01
1311,4,-2,OUT,687,2024-04-03
1312,18,-1,OUT,687,2024-04-03
1313,5,-1,OUT,687,2024-04-03
1314,6,-1,OUT,688,2024-04-18
1315,9,-1,OUT,688,2024-04-18
1316,8,-1,OUT,689,2024-04-10
1317,25,-1,OUT,690,2024-04-11
1318,23,-2,OUT,690,2024-04-11
1319,3,-1,OUT,690,2024-04-11
1320,24,-1,OUT,691,2024-04-20
1321,18,-1,OUT,691,2024-04-20
1322,14,-1,OUT,691,2024-04-20
1323,7,-3,OUT,691,2024-04-20
1324,8,-2,OUT,692,2024-04-04
1325,3,-1,OUT,692,2024-04-04
1326,23,-1,OUT,693,2024-05-28
1327,16,-1,OUT,693,2024-05-28
1328,15,-2,OUT,694,2024-05-05
1329,17,-1,OUT,695,2024-05-28
1330,4,-1,OUT,695,2024-05-28
1331,12,-1,OUT,695,2024-05-28
1332,13,-3,OUT,696,2024-05-23
1333,12,-1,OUT,696,2024-05-23
1334,16,-2,OUT,696,2024-05-23
1335,23,-1,OUT,697,2024-05-21
1336,24,-1,OUT,697,2024-05-21
1337,8,-1,OUT,697,2024-05-21
1338,21,-1,OUT,697,2024-05-21
1339,10,-2,OUT,698,2024-05-16
1340,14,-1,OUT,699,2024-05-24
1341,2,-1,OUT,700,2024-05-26
1342,7,-1,OUT,700,2024-05-26
1343,14,-2,OUT,701,2024-05-21
1344,13,-1,OUT,701,2024-05-21
1345,7,-2,OUT,702,2024-05-10
1346,4,-1,OUT,703,2024-05-02
1347,11,-1,OUT,703,2024-05-02
1348,3,-1,OUT,704,2024-05-10
1349,13,-1,OUT,705,2024-05-11
1350,17,-2,OUT,705,2024-05-11
1351,21,-2,OUT,706,2024-05-18
1352,5,-1,OUT,706,2024-05-18
1353,16,-1,OUT,707,2024-05-10
1354,13,-1,OUT,707,2024-05-10
1355,25,-1,OUT,708,2024-05-19
1356,10,-1,OUT,709,2024-05-10
1357,18,-1,OUT,709,2024-05-10
1358,25,-2,OUT,709,2024-05-10
1359,19,-1,OUT,710,2024-05-13
1360,4,-1,OUT,710,2024-05-13
1361,12,-1,OUT,710,2024-05-13
1362,1,-1,OUT,711,2024-05-07
1363,18,-2,OUT,712,2024-05-08
1364,24,-2,OUT,712,2024-05-08
1365,6,-2,OUT,713,2024-05-22
1366,13,-2,OUT,713,2024-05-22
1367,16,-2,OUT,714,2024-05-13
1368,14,-3,OUT,715,2024-05-11
1369,22,-1,OUT,715,2024-05-11
1370,11,-1,OUT,716,2024-05-19
1371,25,-1,OUT,717,2024-05-18
1372,21,-2,OUT,717,2024-05-18
1373,25,-1,OUT,718,2024-05-04
1374,7,-1,OUT,719,2024-05-03
1375,3,-1,OUT,720,2024-05-05
1376,16,-1,OUT,720,2024-05-05
1377,21,-1,OUT,721,2024-05-17
1378,15,-2,OUT,722,2024-05-05
1379,12,-1,OUT,722,2024-05-05
1380,11,-1,OUT,722,2024-05-05
1381,19,-1,OUT,722,2024-05-05
1382,11,-1,OUT,723,2024-05-07
1383,22,-2,OUT,724,2024-05-27
1384,19,-1,OUT,725,2024-05-13
1385,2,-1,OUT,725,2024-05-13
1386,24,-2,OUT,726,2024-05-11
1387,8,-2,OUT,726,2024-05-11
1388,13,-1,OUT,726,2024-05-11
1389,8,-2,OUT,727,2024-05-08
1390,10,-1,OUT,728,2024-05-11
1391,21,-2,OUT,729,2024-06-18
1392,13,-1,OUT,729,2024-06-18
1393,9,-1,OUT,729,2024-06-18
1394,1,-1,OUT,730,2024-06-12
1395,17,-2,OUT,730,2024-06-12
1396,3,-1,OUT,730,2024-06-12
1397,14,-1,OUT,730,2024-06-12
1398,18,-2,OUT,731,2024-06-07
1399,6,-2,OUT,732,2024-06-21
1400,2,-1,OUT,732,2024-06-21
1401,2,-2,OUT,733,2024-06-15
1402,3,-1,OUT,733,2024-06-15
1403,12,-2,OUT,733,2024-06-15
1404,20,-1,OUT,733,2024-06-15
1405,11,-2,OUT,734,2024-06-01
1406,22,-1,OUT,734,2024-06-01
1407,9,-1,OUT,735,2024-06-17
1408,7,-1,OUT,735,2024-06-17
1409,5,-1,OUT,736,2024-06-10
1410,2,-1,OUT,736,2024-06-10
1411,19,-3,OUT,737,2024-06-18
1412,17,-1,OUT,738,2024-06-08
1413,11,-1,OUT,738,2024-06-08
1414,13,-1,OUT,738,2024-06-08
1415,1,-1,OUT,739,2024-06-13
1416,14,-3,OUT,740,2024-06-22
1417,16,-1,OUT,741,2024-06-28
1418,23,-1,OUT,741,2024-06-28
1419,7,-1,OUT,741,2024-06-28
1420,11,-1,OUT,742,2024-06-16
1421,13,-1,OUT,742,2024-06-16
1422,21,-1,OUT,742,2024-06-16
1423,4,-1,OUT,742,2024-06-16
1424,14,-1,OUT,743,2024-06-27
1425,6,-1,OUT,744,2024-06-14
1426,8,-1,OUT,745,2024-06-22
1427,17,-1,OUT,746,2024-06-01
1428,13,-1,OUT,747,2024-06-25
1429,8,-1,OUT,747,2024-06-25
1430,24,-1,OUT,748,2024-06-26
1431,18,-1,OUT,749,2024-06-16
1432,22,-2,OUT,750,2024-06-28
1433,1,-1,OUT,750,2024-06-28
1434,14,-3,OUT,751,2024-06-09
1435,7,-1,OUT,751,2024-06-09
1436,15,-2,OUT,752,2024-06-16
1437,22,-1,OUT,753,2024-06-11
1438,24,-3,OUT,753,2024-06-11
1439,16,-2,OUT,753,2024-06-11
1440,4,-1,OUT,753,2024-06-11
1441,17,-1,OUT,754,2024-06-16
1442,23,-1,OUT,754,2024-06-16
1443,20,-1,OUT,754,2024-06-16
1444,3,-1,OUT,755,2024-06-07
1445,24,-1,OUT,755,2024-06-07
1446,14,-1,OUT,755,2024-06-07
1447,6,-1,OUT,756,2024-06-10
1448,18,-1,OUT,757,2024-06-20
1449,16,-1,OUT,758,2024-06-01
1450,18,-1,OUT,758,2024-06-01
1451,18,-1,OUT,759,2024-06-25
1452,12,-1,OUT,760,2024-06-04
1453,4,-1,OUT,761,2024-06-26
1454,1,-1,OUT,761,2024-06-26
1455,14,-1,OUT,762,2024-06-26
1456,7,-1,OUT,762,2024-06-26
1457,5,-1,OUT,763,2024-06-04
1458,6,-1,OUT,764,2024-06-11
1459,12,-1,OUT,764,2024-06-11
1460,17,-1,OUT,765,2024-06-27
1461,4,-2,OUT,766,2024-06-01
1462,18,-1,OUT,767,2024-06-18
1463,25,-2,OUT,768,2024-06-27
1464,21,-1,OUT,769,2024-06-11
1465,25,-3,OUT,770,2024-06-20
1466,18,-1,OUT,770,2024-06-20
1467,15,-1,OUT,771,2024-06-16
1468,3,-2,OUT,771,2024-06-16
1469,6,-1,OUT,771,2024-06-16
1470,12,-1,OUT,772,2024-06-23
1471,23,-2,OUT,772,2024-06-23
1472,25,-2,OUT,772,2024-06-23
1473,21,-1,OUT,773,2024-07-02
1474,10,-1,OUT,773,2024-07-02
1475,23,-1,OUT,773,2024-07-02
1476,17,-3,OUT,773,2024-07-02
1477,14,-2,OUT,774,2024-07-23
1478,15,-2,OUT,774,2024-07-23
1479,18,-1,OUT,775,2024-07-28
1480,19,-1,OUT,776,2024-07-26
1481,17,-1,OUT,776,2024-07-26
1482,14,-1,OUT,776,2024-07-26
1483,9,-2,OUT,777,2024-07-06
1484,1,-1,OUT,778,2024-07-11
1485,10,-2,OUT,779,2024-07-04
1486,5,-1,OUT,780,2024-07-12
1487,17,-1,OUT,780,2024-07-12
1488,22,-1,OUT,780,2024-07-12
1489,3,-2,OUT,781,2024-07-26
1490,12,-1,OUT,782,2024-07-27
1491,6,-2,OUT,783,2024-07-02
1492,19,-2,OUT,784,2024-07-19
1493,9,-1,OUT,785,2024-07-18
1494,19,-2,OUT,785,2024-07-18
1495,22,-2,OUT,786,2024-07-10
1496,4,-2,OUT,786,2024-07-10
1497,3,-2,OUT,787,2024-07-12
1498,7,-1,OUT,787,2024-07-12
1499,8,-3,OUT,787,2024-07-12
1500,17,-2,OUT,788,2024-07-15
1501,3,-1,OUT,788,2024-07-15
1502,12,-1,OUT,789,2024-07-13
1503,18,-2,OUT,790,2024-07-18
1504,20,-2,OUT,791,2024-07-09
1505,14,-2,OUT,792,2024-07-26
1506,1,-1,OUT,792,2024-07-26
1507,10,-1,OUT,792,2024-07-26
1508,16,-1,OUT,793,2024-07-17
1509,14,-1,OUT,794,2024-07-13
1510,11,-1,OUT,794,2024-07-13
1511,20,-2,OUT,795,2024-07-06
1512,23,-1,OUT,795,2024-07-06
1513,12,-3,OUT,795,2024-07-06
1514,3,-2,OUT,796,2024-07-01
1515,20,-1,OUT,797,2024-07-18
1516,11,-1,OUT,797,2024-07-18
1517,18,-2,OUT,798,2024-07-27
1518,6,-1,OUT,799,2024-07-28
1519,11,-1,OUT,800,2024-07-02
1520,5,-1,OUT,800,2024-07-02
1521,13,-1,OUT,801,2024-07-16
1522,23,-1,OUT,802,2024-07-26
1523,8,-2,OUT,802,2024-07-26
1524,10,-1,OUT,803,2024-07-18
1525,9,-2,OUT,803,2024-07-18
1526,25,-2,OUT,803,2024-07-18
1527,11,-2,OUT,804,2024-07-18
1528,7,-1,OUT,805,2024-07-21
1529,14,-1,OUT,806,2024-07-08
1530,25,-1,OUT,806,2024-07-08
1531,5,-1,OUT,806,2024-07-08
1532,11,-1,OUT,806,2024-07-08
1533,23,-1,OUT,807,2024-07-17
1534,6,-1,OUT,807,2024-07-17
1535,8,-1,OUT,807,2024-07-17
1536,16,-1,OUT,807,2024-07-17
1537,18,-2,OUT,808,2024-07-09
1538,9,-1,OUT,809,2024-07-04
1539,5,-1,OUT,809,2024-07-04
1540,15,-1,OUT,810,2024-07-05
1541,20,-3,OUT,810,2024-07-05
1542,6,-1,OUT,810,2024-07-05
1543,19,-1,OUT,811,2024-08-11
1544,13,-1,OUT,812,2024-08-01
1545,20,-1,OUT,813,2024-08-22
1546,12,-1,OUT,813,2024-08-22
1547,1,-2,OUT,814,2024-08-27
1548,11,-1,OUT,814,2024-08-27
1549,19,-1,OUT,815,2024-08-28
1550,9,-1,OUT,815,2024-08-28
1551,2,-1,OUT,816,2024-08-13
1552,25,-2,OUT,816,2024-08-13
1553,16,-2,OUT,817,2024-08-18
1554,12,-1,OUT,817,2024-08-18
1555,12,-1,OUT,818,2024-08-06
1556,3,-1,OUT,819,2024-08-22
1557,8,-2,OUT,820,2024-08-25
1558,6,-1,OUT,820,2024-08-25
1559,7,-1,OUT,821,2024-08-20
1560,21,-1,OUT,821,2024-08-20
1561,17,-1,OUT,821,2024-08-20
1562,20,-1,OUT,822,2024-08-15
1563,18,-2,OUT,822,2024-08-15
1564,18,-2,OUT,823,2024-08-16
1565,23,-1,OUT,824,2024-08-18
1566,22,-2,OUT,825,2024-08-26
1567,14,-1,OUT,825,2024-08-26
1568,14,-1,OUT,826,2024-08-01
1569,23,-1,OUT,827,2024-08-04
1570,19,-2,OUT,827,2024-08-04
1571,10,-1,OUT,827,2024-08-04
1572,21,-1,OUT,828,2024-08-04
1573,7,-1,OUT,828,2024-08-04
1574,18,-1,OUT,829,2024-08-17
1575,15,-3,OUT,829,2024-08-17
1576,6,-1,OUT,830,2024-08-17
1577,19,-1,OUT,831,2024-08-11
1578,16,-2,OUT,832,2024-08-19
1579,18,-1,OUT,833,2024-08-19
1580,7,-2,OUT,833,2024-08-19
1581,8,-3,OUT,834,2024-08-11
1582,4,-1,OUT,834,2024-08-11
1583,22,-1,OUT,834,2024-08-11
1584,22,-1,OUT,835,2024-08-06
1585,1,-2,OUT,835,2024-08-06
1586,6,-1,OUT,836,2024-08-20
1587,25,-2,OUT,836,2024-08-20
1588,7,-1,OUT,837,2024-08-24
1589,18,-1,OUT,837,2024-08-24
1590,25,-1,OUT,838,2024-08-06
1591,3,-1,OUT,839,2024-08-19
1592,5,-1,OUT,839,2024-08-19
1593,5,-1,OUT,840,2024-08-14
1594,19,-1,OUT,840,2024-08-14
1595,16,-1,OUT,840,2024-08-14
1596,7,-2,OUT,841,2024-08-05
1597,1,-1,OUT,841,2024-08-05
1598,11,-1,OUT,841,2024-08-05
1599,18,-2,OUT,842,2024-08-13
1600,14,-2,OUT,842,2024-08-13
1601,17,-1,OUT,842,2024-08-13
1602,10,-1,OUT,842,2024-08-13
1603,6,-2,OUT,843,2024-08-05
1604,14,-1,OUT,844,2024-08-25
1605,20,-2,OUT,844,2024-08-25
1606,2,-2,OUT,844,2024-08-25
1607,16,-1,OUT,845,2024-08-22
1608,2,-1,OUT,846,2024-08-22
1609,23,-1,OUT,846,2024-08-22
1610,5,-1,OUT,846,2024-08-22
1611,1,-1,OUT,847,2024-08-20
1612,7,-2,OUT,848,2024-08-23
1613,18,-2,OUT,848,2024-08-23
1614,5,-2,OUT,848,2024-08-23
1615,10,-1,OUT,849,2024-08-04
1616,22,-1,OUT,849,2024-08-04
1617,8,-2,OUT,850,2024-08-08
1618,6,-1,OUT,850,2024-08-08
1619,25,-3,OUT,850,2024-08-08
1620,9,-1,OUT,850,2024-08-08
1621,9,-1,OUT,851,2024-08-12
1622,8,-1,OUT,852,2024-08-19
1623,24,-1,OUT,852,2024-08-19
1624,20,-1,OUT,852,2024-08-19
1625,1,-1,OUT,853,2024-08-04
1626,19,-1,OUT,853,2024-08-04
1627,21,-2,OUT,854,2024-08-11
1628,24,-1,OUT,855,2024-08-13
1629,14,-2,OUT,855,2024-08-13
1630,15,-1,OUT,856,2024-08-13
1631,1,-3,OUT,856,2024-08-13
1632,17,-2,OUT,856,2024-08-13
1633,5,-2,OUT,856,2024-08-13
1634,6,-1,OUT,857,2024-08-13
1635,3,-1,OUT,858,2024-08-10
1636,1,-1,OUT,858,2024-08-10
1637,19,-1,OUT,859,2024-08-04
1638,11,-1,OUT,860,2024-08-09
1639,5,-1,OUT,860,2024-08-09
1640,18,-1,OUT,860,2024-08-09
1641,17,-1,OUT,861,2024-09-06
1642,24,-1,OUT,862,2024-09-04
1643,20,-1,OUT,862,2024-09-04
1644,25,-1,OUT,863,2024-09-08
1645,18,-3,OUT,864,2024-09-16
1646,15,-1,OUT,865,2024-09-01
1647,7,-1,OUT,866,2024-09-20
1648,7,-2,OUT,867,2024-09-25
1649,25,-1,OUT,867,2024-09-25
1650,17,-1,OUT,867,2024-09-25
1651,22,-1,OUT,868,2024-09-08
1652,18,-3,OUT,868,2024-09-08
1653,4,-2,OUT,869,2024-09-18
1654,23,-1,OUT,869,2024-09-18
1655,9,-1,OUT,869,2024-09-18
1656,6,-1,OUT,870,2024-09-25
1657,10,-1,OUT,871,2024-09-11
1658,5,-2,OUT,871,2024-09-11
1659,23,-1,OUT,872,2024-09-18
1660,21,-2,OUT,873,2024-09-28
1661,10,-1,OUT,873,2024-09-28
1662,12,-2,OUT,874,2024-09-04
1663,2,-2,OUT,874,2024-09-04
1664,10,-3,OUT,875,2024-09-27
1665,14,-1,OUT,876,2024-09-25
1666,13,-1,OUT,876,2024-09-25
1667,17,-2,OUT,877,2024-09-03
1668,22,-1,OUT,878,2024-09-13
1669,8,-2,OUT,878,2024-09-13
1670,17,-1,OUT,879,2024-09-21
1671,16,-1,OUT,879,2024-09-21
1672,18,-1,OUT,879,2024-09-21
1673,11,-1,OUT,879,2024-09-21
1674,2,-3,OUT,880,2024-09-15
1675,8,-1,OUT,880,2024-09-15
1676,23,-1,OUT,881,2024-09-12
1677,19,-3,OUT,881,2024-09-12
1678,17,-1,OUT,882,2024-09-20
1679,5,-2,OUT,882,2024-09-20
1680,22,-1,OUT,882,2024-09-20
1681,5,-1,OUT,883,2024-09-20
1682,6,-2,OUT,883,2024-09-20
1683,3,-1,OUT,884,2024-09-06
1684,12,-1,OUT,885,2024-09-06
1685,10,-1,OUT,885,2024-09-06
1686,20,-1,OUT,886,2024-09-09
1687,13,-2,OUT,886,2024-09-09
1688,11,-2,OUT,887,2024-09-24
1689,17,-2,OUT,888,2024-09-06
1690,16,-1,OUT,888,2024-09-06
1691,14,-1,OUT,888,2024-09-06
1692,17,-1,OUT,889,2024-09-16
1693,7,-1,OUT,890,2024-09-04
1694,4,-1,OUT,890,2024-09-04
1695,5,-1,OUT,891,2024-09-15
1696,7,-1,OUT,892,2024-09-04
1697,24,-2,OUT,892,2024-09-04
1698,1,-1,OUT,892,2024-09-04
1699,19,-1,OUT,892,2024-09-04
1700,17,-2,OUT,893,2024-09-07
1701,6,-2,OUT,893,2024-09-07
1702,24,-1,OUT,894,2024-09-28
1703,3,-1,OUT,895,2024-09-27
1704,1,-2,OUT,895,2024-09-27
1705,19,-1,OUT,896,2024-09-11
1706,22,-1,OUT,897,2024-09-22
1707,8,-1,OUT,898,2024-09-21
1708,7,-1,OUT,899,2024-09-05
1709,6,-1,OUT,900,2024-09-26
1710,14,-2,OUT,900,2024-09-26
1711,5,-1,OUT,900,2024-09-26
1712,15,-3,OUT,900,2024-09-26
1713,3,-1,OUT,901,2024-09-20
1714,15,-2,OUT,901,2024-09-20
1715,6,-1,OUT,901,2024-09-20
1716,6,-1,OUT,902,2024-09-12
1717,25,-1,OUT,903,2024-09-04
1718,15,-1,OUT,903,2024-09-04
1719,8,-1,OUT,904,2024-09-04
1720,1,-1,OUT,904,2024-09-04
1721,14,-1,OUT,905,2024-09-06
1722,18,-2,OUT,906,2024-09-05
1723,11,-2,OUT,906,2024-09-05
1724,16,-1,OUT,907,2024-09-02
1725,14,-1,OUT,908,2024-09-16
1726,23,-1,OUT,908,2024-09-16
1727,17,-1,OUT,908,2024-09-16
1728,4,-1,OUT,909,2024-09-11
1729,1,-1,OUT,910,2024-09-02
1730,10,-1,OUT,911,2024-09-01
1731,1,-3,ADJUST,AUDIT-2024,2024-01-31
1732,3,2,ADJUST,AUDIT-2024,2024-01-31
1733,5,3,ADJUST,AUDIT-2024,2024-01-31
1734,13,-3,ADJUST,AUDIT-2024,2024-01-31
1735,17,-1,ADJUST,AUDIT-2024,2024-01-31
1736,24,-3,ADJUST,AUDIT-2024,2024-01-31
1737,25,-2,ADJUST,AUDIT-2024,2024-01-31
