ShipmentID,OrderID,Carrier,TrackingNumber,ShipDate,DeliveryDate,Status,Notes
1,1,Giao Hàng Nhanh,GHN0000011409,2023-01-16,2023-01-20,Delivered,
2,2,Giao Hàng Tiết Kiệm,GHTK0000022679,2023-01-16,2023-01-23,Delivered,
3,3,Giao Hàng Nhanh,GHN0000037912,2023-01-20,2023-01-22,Delivered,
4,4,Giao Hàng Tiết Kiệm,GHTK0000049279,2023-01-26,2023-01-28,Delivered,
5,5,VNPost,VNP0000057873,2023-01-15,2023-01-20,Delivered,
6,6,Giao Hàng Nhanh,GHN0000063615,2023-01-05,2023-01-10,Delivered,
7,7,Giao Hàng Tiết Kiệm,GHTK0000074527,2023-01-24,2023-01-26,Delivered,
8,8,Giao Hàng Nhanh,GHN0000086881,2023-01-05,2023-01-11,Delivered,
9,9,Giao Hàng Nhanh,GHN0000098527,2023-01-14,2023-01-16,Failed,Địa chỉ không tồn tại
10,10,Giao Hàng Nhanh,GHN0000105803,2023-01-16,2023-01-22,Delivered,
11,11,J&T Express,JT0000114150,2023-01-28,2023-01-30,Delivered,
12,12,Giao Hàng Tiết Kiệm,GHTK0000125741,2023-01-11,2023-01-14,Delivered,
13,13,Viettel Post,VTP0000135554,2023-01-30,2023-02-06,Delivered,
14,14,Giao Hàng Tiết Kiệm,GHTK0000147065,2023-01-29,2023-02-01,Delivered,
15,15,Giao Hàng Nhanh,GHN0000153803,2023-01-30,2023-02-06,Delivered,
16,16,Viettel Post,VTP0000167216,2023-01-15,2023-01-22,Delivered,
17,17,Giao Hàng Tiết Kiệm,GHTK0000176313,2023-01-08,2023-01-11,Delivered,
18,18,J&T Express,JT0000187572,2023-01-16,2023-01-18,Delivered,
19,19,VNPost,VNP0000196155,2023-01-27,2023-02-03,Delivered,
20,20,Viettel Post,VTP0000203340,2023-01-24,2023-01-27,Delivered,
21,21,VNPost,VNP0000219830,2023-01-13,2023-01-20,Delivered,
22,22,VNPost,VNP0000227543,2023-01-24,2023-01-27,Returned,"Hàng lỗi, khách yêu cầu trả lại"
23,23,VNPost,VNP0000239085,2023-01-29,2023-01-31,Delivered,
24,24,Giao Hàng Tiết Kiệm,GHTK0000243621,2023-01-13,2023-01-18,Delivered,
25,25,Viettel Post,VTP0000257252,2023-01-24,2023-01-29,Delivered,
26,26,VNPost,VNP0000261188,2023-01-06,2023-01-13,Delivered,
27,27,VNPost,VNP0000275371,2023-01-24,2023-01-28,Delivered,
28,28,Viettel Post,VTP0000283591,2023-01-08,2023-01-10,Failed,Quá thời gian giao hàng quy định
29,29,J&T Express,JT0000299201,2023-01-10,2023-01-16,Delivered,
30,30,J&T Express,JT0000309317,2023-01-24,2023-01-27,Delivered,
31,31,Giao Hàng Tiết Kiệm,GHTK0000319837,2023-01-27,2023-01-29,Delivered,
32,32,Viettel Post,VTP0000321319,2023-02-14,2023-02-18,Delivered,
33,33,J&T Express,JT0000334923,2023-02-28,2023-03-03,Delivered,
34,34,Giao Hàng Nhanh,GHN0000342403,2023-02-09,2023-02-14,Delivered,
35,35,VNPost,VNP0000353060,2023-02-07,2023-02-14,Delivered,
36,36,VNPost,VNP0000363705,2023-02-20,2023-02-26,Delivered,
37,37,Viettel Post,VTP0000374470,2023-02-23,2023-03-02,Delivered,
38,38,J&T Express,JT0000387537,2023-02-17,2023-02-24,Delivered,
39,39,VNPost,VNP0000398397,2023-02-18,2023-02-21,Delivered,
40,40,J&T Express,JT0000401344,2023-02-06,2023-02-12,Delivered,
41,41,Giao Hàng Tiết Kiệm,GHTK0000411117,2023-02-02,2023-02-09,Delivered,
42,42,Giao Hàng Tiết Kiệm,GHTK0000422104,2023-02-11,2023-02-15,Delivered,
43,43,Giao Hàng Tiết Kiệm,GHTK0000435562,2023-02-14,2023-02-19,Delivered,
44,44,Giao Hàng Tiết Kiệm,GHTK0000448744,2023-02-24,2023-03-01,Delivered,
45,45,Giao Hàng Tiết Kiệm,GHTK0000452545,2023-02-18,2023-02-25,Delivered,
46,46,Viettel Post,VTP0000467735,2023-02-03,2023-02-10,Delivered,
47,47,Giao Hàng Nhanh,GHN0000471993,2023-02-04,2023-02-11,Delivered,
48,48,Giao Hàng Nhanh,GHN0000485073,2023-02-18,2023-02-21,Delivered,
49,49,Giao Hàng Tiết Kiệm,GHTK0000497912,2023-02-15,2023-02-19,Delivered,
50,50,Giao Hàng Nhanh,GHN0000508260,2023-02-11,2023-02-13,Delivered,
51,51,VNPost,VNP0000511241,2023-02-09,2023-02-12,Delivered,
52,52,Viettel Post,VTP0000528886,2023-02-17,2023-02-22,Delivered,
53,53,Giao Hàng Tiết Kiệm,GHTK0000537209,2023-02-12,2023-02-17,Delivered,
54,54,Viettel Post,VTP0000545673,2023-02-21,2023-02-28,Failed,Hàng bị hư hỏng trong quá trình vận chuyển
55,55,Viettel Post,VTP0000553536,2023-03-24,2023-03-28,Delivered,
56,56,Giao Hàng Nhanh,GHN0000569883,2023-03-06,2023-03-13,Delivered,
57,57,Giao Hàng Nhanh,GHN0000578811,2023-03-16,2023-03-22,Delivered,
58,58,VNPost,VNP0000582312,2023-03-12,2023-03-14,Delivered,
59,59,Giao Hàng Tiết Kiệm,GHTK0000597615,2023-03-23,2023-03-29,Delivered,
60,60,VNPost,VNP0000601651,2023-03-26,2023-03-28,Delivered,
61,61,VNPost,VNP0000619565,2023-03-13,2023-03-17,Delivered,
62,62,J&T Express,JT0000624910,2023-03-17,2023-03-22,Delivered,
63,63,J&T Express,JT0000638491,2023-03-03,2023-03-05,Delivered,
64,64,VNPost,VNP0000642638,2023-03-09,2023-03-15,Delivered,
65,65,J&T Express,JT0000653170,2023-03-11,2023-03-13,Delivered,
66,66,J&T Express,JT0000665669,2023-03-06,2023-03-11,Delivered,
67,67,J&T Express,JT0000679666,2023-03-23,2023-03-30,Delivered,
68,68,J&T Express,JT0000682697,2023-03-06,2023-03-10,Delivered,
69,69,Giao Hàng Nhanh,GHN0000693546,2023-03-15,2023-03-19,Delivered,
70,70,J&T Express,JT0000704335,2023-03-27,2023-04-03,Delivered,
71,71,VNPost,VNP0000719004,2023-03-09,2023-03-11,Delivered,
72,72,Viettel Post,VTP0000725533,2023-03-16,2023-03-18,Delivered,
73,73,Giao Hàng Tiết Kiệm,GHTK0000735291,2023-03-04,2023-03-11,Delivered,
74,74,Viettel Post,VTP0000741158,2023-03-27,2023-03-29,Delivered,
75,75,Giao Hàng Tiết Kiệm,GHTK0000759938,2023-03-08,2023-03-12,Delivered,
76,76,Giao Hàng Tiết Kiệm,GHTK0000768041,2023-03-10,2023-03-12,Delivered,
77,77,Giao Hàng Nhanh,GHN0000776862,2023-03-02,2023-03-09,Delivered,
78,78,Giao Hàng Nhanh,GHN0000786794,2023-03-12,2023-03-17,Failed,Quá thời gian giao hàng quy định
79,79,Giao Hàng Tiết Kiệm,GHTK0000794878,2023-03-19,2023-03-22,Delivered,
80,80,Giao Hàng Nhanh,GHN0000803938,2023-03-15,2023-03-19,Delivered,
81,81,Viettel Post,VTP0000815065,2023-03-16,2023-03-19,Delivered,
82,82,Giao Hàng Nhanh,GHN0000827267,2023-03-19,2023-03-24,Delivered,
83,83,Viettel Post,VTP0000836728,2023-03-04,2023-03-07,Delivered,
84,84,Giao Hàng Tiết Kiệm,GHTK0000847528,2023-04-21,2023-04-25,Delivered,
85,85,J&T Express,JT0000856753,2023-04-15,2023-04-21,Delivered,
86,86,VNPost,VNP0000866425,2023-04-10,2023-04-12,Delivered,
87,87,J&T Express,JT0000873925,2023-04-21,2023-04-25,Delivered,
88,88,VNPost,VNP0000888119,2023-04-12,2023-04-19,Delivered,
89,89,Viettel Post,VTP0000899379,2023-04-03,2023-04-08,Delivered,
90,90,Giao Hàng Tiết Kiệm,GHTK0000905173,2023-04-06,2023-04-13,Delivered,
91,91,VNPost,VNP0000919821,2023-04-27,2023-05-04,Delivered,
92,92,Giao Hàng Tiết Kiệm,GHTK0000926967,2023-04-09,2023-04-11,Delivered,
93,93,J&T Express,JT0000936143,2023-04-08,2023-04-10,Delivered,
94,94,J&T Express,JT0000949308,2023-04-23,2023-04-30,Delivered,
95,95,Viettel Post,VTP0000955844,2023-04-26,2023-04-29,Delivered,
96,96,Viettel Post,VTP0000963851,2023-04-25,2023-05-01,Delivered,
97,97,VNPost,VNP0000971006,2023-04-16,2023-04-20,Delivered,
98,98,VNPost,VNP0000986279,2023-04-27,2023-05-02,Delivered,
99,99,Giao Hàng Tiết Kiệm,GHTK0000999375,2023-04-15,2023-04-22,Delivered,
100,100,Giao Hàng Nhanh,GHN0001005649,2023-04-21,2023-04-28,Delivered,
101,101,J&T Express,JT0001012530,2023-04-21,2023-04-28,Delivered,
102,102,Giao Hàng Tiết Kiệm,GHTK0001023414,2023-04-14,2023-04-16,Delivered,
103,103,Viettel Post,VTP0001032193,2023-04-05,2023-04-10,Delivered,
104,104,VNPost,VNP0001044185,2023-04-11,2023-04-18,Delivered,
105,105,Viettel Post,VTP0001054997,2023-04-10,2023-04-17,Delivered,
106,106,Giao Hàng Nhanh,GHN0001067965,2023-04-21,2023-04-24,Delivered,
107,107,VNPost,VNP0001078611,2023-04-16,2023-04-22,Delivered,
108,108,Giao Hàng Nhanh,GHN0001088478,2023-04-26,2023-05-01,Delivered,
109,109,VNPost,VNP0001096198,2023-04-13,2023-04-19,Delivered,
110,110,VNPost,VNP0001107991,2023-04-21,2023-04-26,Delivered,
111,111,Viettel Post,VTP0001118373,2023-04-11,2023-04-14,Delivered,
112,112,J&T Express,JT0001129540,2023-04-04,2023-04-11,Delivered,
113,113,Viettel Post,VTP0001132269,2023-04-14,2023-04-18,Delivered,
114,114,J&T Express,JT0001146238,2023-04-05,2023-04-07,Delivered,
115,115,Giao Hàng Tiết Kiệm,GHTK0001157275,2023-04-30,2023-05-03,Delivered,
116,116,Giao Hàng Nhanh,GHN0001167797,2023-04-23,2023-04-27,Delivered,
117,117,Viettel Post,VTP0001172020,2023-04-05,2023-04-10,Delivered,
118,118,VNPost,VNP0001181320,2023-04-09,2023-04-14,Delivered,
119,119,J&T Express,JT0001195892,2023-05-15,2023-05-20,Delivered,
120,120,VNPost,VNP0001204613,2023-05-06,2023-05-09,Delivered,
121,121,Viettel Post,VTP0001211475,2023-05-30,2023-06-03,Delivered,
122,122,Viettel Post,VTP0001223704,2023-05-08,2023-05-11,Returned,"Khách hàng đổi ý, yêu cầu hoàn hàng"
123,123,Viettel Post,VTP0001231444,2023-05-17,2023-05-24,Delivered,
124,124,Viettel Post,VTP0001243977,2023-05-03,2023-05-07,Delivered,
125,125,Giao Hàng Tiết Kiệm,GHTK0001258449,2023-05-20,2023-05-24,Delivered,
126,126,Viettel Post,VTP0001265558,2023-05-22,2023-05-26,Delivered,
127,127,Viettel Post,VTP0001271317,2023-05-17,2023-05-23,Delivered,
128,128,J&T Express,JT0001284673,2023-05-05,2023-05-07,Delivered,
129,129,Giao Hàng Nhanh,GHN0001291508,2023-05-29,2023-06-01,Delivered,
130,130,VNPost,VNP0001303496,2023-05-05,2023-05-08,Delivered,
131,131,Giao Hàng Nhanh,GHN0001314571,2023-05-15,2023-05-22,Delivered,
132,132,J&T Express,JT0001323749,2023-05-06,2023-05-12,Failed,Quá thời gian giao hàng quy định
133,133,Giao Hàng Nhanh,GHN0001333683,2023-05-09,2023-05-11,Delivered,
134,134,J&T Express,JT0001347149,2023-05-30,2023-06-06,Delivered,
135,135,VNPost,VNP0001354978,2023-05-05,2023-05-12,Delivered,
136,136,VNPost,VNP0001362983,2023-05-22,2023-05-24,Delivered,
137,137,Viettel Post,VTP0001377071,2023-05-19,2023-05-25,Delivered,
138,138,Giao Hàng Nhanh,GHN0001387882,2023-05-11,2023-05-13,Delivered,
139,139,J&T Express,JT0001398532,2023-05-19,2023-05-22,Delivered,
140,140,VNPost,VNP0001405425,2023-05-06,2023-05-12,Delivered,
141,141,Viettel Post,VTP0001418136,2023-05-29,2023-06-04,Delivered,
142,142,Giao Hàng Tiết Kiệm,GHTK0001422419,2023-05-19,2023-05-24,Delivered,
143,143,Viettel Post,VTP0001437209,2023-05-13,2023-05-15,Delivered,
144,144,J&T Express,JT0001443979,2023-05-21,2023-05-24,Delivered,
145,145,J&T Express,JT0001456576,2023-05-17,2023-05-23,Delivered,
146,146,J&T Express,JT0001461166,2023-05-31,2023-06-03,Delivered,
147,147,Viettel Post,VTP0001479004,2023-05-12,2023-05-15,Delivered,
148,148,Viettel Post,VTP0001488342,2023-05-06,2023-05-08,Delivered,
149,149,Viettel Post,VTP0001494986,2023-05-16,2023-05-23,Delivered,
150,150,Viettel Post,VTP0001509698,2023-05-22,2023-05-27,Returned,"Giao sai sản phẩm, hoàn trả về kho"
151,151,J&T Express,JT0001518434,2023-05-06,2023-05-10,Delivered,
152,152,Giao Hàng Nhanh,GHN0001524155,2023-05-28,2023-05-30,Delivered,
153,153,Giao Hàng Tiết Kiệm,GHTK0001534138,2023-05-14,2023-05-21,Delivered,
154,154,VNPost,VNP0001549595,2023-05-13,2023-05-17,Returned,"Hàng lỗi, khách yêu cầu trả lại"
155,155,J&T Express,JT0001554727,2023-05-07,2023-05-10,Delivered,
156,156,VNPost,VNP0001563073,2023-06-28,2023-06-30,Failed,Hàng bị hư hỏng trong quá trình vận chuyển
157,157,J&T Express,JT0001573068,2023-06-17,2023-06-22,Delivered,
158,158,Giao Hàng Nhanh,GHN0001585658,2023-06-22,2023-06-27,Delivered,
159,159,Giao Hàng Tiết Kiệm,GHTK0001591841,2023-06-20,2023-06-25,Delivered,
160,160,Giao Hàng Nhanh,GHN0001607565,2023-06-03,2023-06-05,Delivered,
161,161,Giao Hàng Nhanh,GHN0001613485,2023-06-14,2023-06-20,Delivered,
162,162,Giao Hàng Nhanh,GHN0001625066,2023-06-15,2023-06-21,Delivered,
163,163,VNPost,VNP0001634697,2023-06-11,2023-06-16,Delivered,
164,164,Viettel Post,VTP0001645871,2023-06-04,2023-06-09,Delivered,
165,165,VNPost,VNP0001651986,2023-06-19,2023-06-26,Delivered,
166,166,Giao Hàng Tiết Kiệm,GHTK0001664457,2023-06-21,2023-06-28,Delivered,
167,167,Giao Hàng Tiết Kiệm,GHTK0001673847,2023-06-26,2023-06-28,Delivered,
168,168,Viettel Post,VTP0001688381,2023-06-26,2023-07-02,Delivered,
169,169,Giao Hàng Nhanh,GHN0001694792,2023-06-26,2023-07-03,Delivered,
170,170,Viettel Post,VTP0001702166,2023-06-16,2023-06-19,Delivered,
171,171,VNPost,VNP0001714241,2023-06-28,2023-06-30,Delivered,
172,172,Giao Hàng Tiết Kiệm,GHTK0001725352,2023-06-15,2023-06-17,Delivered,
173,173,J&T Express,JT0001735728,2023-06-07,2023-06-09,Delivered,
174,174,J&T Express,JT0001747594,2023-06-11,2023-06-17,Delivered,
175,175,Viettel Post,VTP0001752317,2023-06-23,2023-06-25,Delivered,
176,176,J&T Express,JT0001765102,2023-06-16,2023-06-18,Delivered,
177,177,VNPost,VNP0001771339,2023-06-17,2023-06-21,Delivered,
178,178,Giao Hàng Tiết Kiệm,GHTK0001788708,2023-06-28,2023-07-05,Delivered,
179,179,J&T Express,JT0001793973,2023-06-11,2023-06-16,Delivered,
180,180,Viettel Post,VTP0001802494,2023-06-13,2023-06-17,Delivered,
181,181,J&T Express,JT0001812713,2023-06-14,2023-06-18,Delivered,
182,182,Viettel Post,VTP0001825722,2023-06-22,2023-06-27,Delivered,
183,183,VNPost,VNP0001831601,2023-06-28,2023-06-30,Delivered,
184,184,J&T Express,JT0001842899,2023-06-09,2023-06-15,Delivered,
185,185,Giao Hàng Nhanh,GHN0001859889,2023-06-24,2023-06-29,Delivered,
186,186,VNPost,VNP0001866927,2023-06-23,2023-06-28,Delivered,
187,187,Giao Hàng Nhanh,GHN0001874335,2023-06-29,2023-07-05,Delivered,
188,188,J&T Express,JT0001888178,2023-06-28,2023-07-03,Delivered,
189,189,VNPost,VNP0001894920,2023-06-15,2023-06-18,Delivered,
190,190,Giao Hàng Nhanh,GHN0001907684,2023-06-15,2023-06-18,Returned,"Khách hàng đổi ý, yêu cầu hoàn hàng"
191,191,Viettel Post,VTP0001912924,2023-06-11,2023-06-14,Delivered,
192,192,J&T Express,JT0001929337,2023-06-14,2023-06-18,Delivered,
193,193,Viettel Post,VTP0001938736,2023-06-12,2023-06-17,Delivered,
194,194,Viettel Post,VTP0001944122,2023-06-10,2023-06-16,Delivered,
195,195,Giao Hàng Tiết Kiệm,GHTK0001952143,2023-06-19,2023-06-24,Delivered,
196,196,VNPost,VNP0001965377,2023-06-02,2023-06-06,Delivered,
197,197,VNPost,VNP0001979022,2023-06-11,2023-06-16,Delivered,
198,198,J&T Express,JT0001986446,2023-06-16,2023-06-22,Delivered,
199,199,J&T Express,JT0001994090,2023-07-08,2023-07-11,Delivered,
200,200,Giao Hàng Tiết Kiệm,GHTK0002007730,2023-07-14,2023-07-18,Delivered,
201,201,Viettel Post,VTP0002017325,2023-07-25,2023-08-01,Returned,"Khách không nhận, hàng tự động hoàn kho sau 3 lần giao"
202,202,Giao Hàng Nhanh,GHN0002023068,2023-07-07,2023-07-13,Delivered,
203,203,Giao Hàng Nhanh,GHN0002038213,2023-07-19,2023-07-25,Delivered,
204,204,Giao Hàng Nhanh,GHN0002043361,2023-07-07,2023-07-14,Failed,Sai địa chỉ giao hàng
205,205,Viettel Post,VTP0002055342,2023-07-05,2023-07-11,Delivered,
206,206,Giao Hàng Nhanh,GHN0002066383,2023-07-26,2023-08-01,Delivered,
207,207,J&T Express,JT0002078994,2023-07-12,2023-07-14,Delivered,
208,208,Giao Hàng Tiết Kiệm,GHTK0002085708,2023-07-07,2023-07-14,Delivered,
209,209,Giao Hàng Nhanh,GHN0002092646,2023-07-27,2023-07-30,Delivered,
210,210,Giao Hàng Nhanh,GHN0002101753,2023-07-28,2023-07-30,Delivered,
211,211,J&T Express,JT0002118056,2023-07-06,2023-07-09,Delivered,
212,212,VNPost,VNP0002123950,2023-07-24,2023-07-27,Delivered,
213,213,Viettel Post,VTP0002134945,2023-07-26,2023-08-01,Delivered,
214,214,Viettel Post,VTP0002145161,2023-07-03,2023-07-07,Delivered,
215,215,Viettel Post,VTP0002155712,2023-07-13,2023-07-19,Delivered,
216,216,Viettel Post,VTP0002166661,2023-07-13,2023-07-17,Delivered,
217,217,Viettel Post,VTP0002175097,2023-07-19,2023-07-23,Delivered,
218,218,Viettel Post,VTP0002188916,2023-07-26,2023-07-29,Delivered,
219,219,J&T Express,JT0002195847,2023-07-24,2023-07-28,Delivered,
220,220,Viettel Post,VTP0002205497,2023-07-15,2023-07-21,Delivered,
221,221,Giao Hàng Nhanh,GHN0002219138,2023-07-30,2023-08-02,Delivered,
222,222,J&T Express,JT0002224588,2023-07-31,2023-08-03,Delivered,
223,223,Giao Hàng Tiết Kiệm,GHTK0002232591,2023-07-08,2023-07-15,Delivered,
224,224,Viettel Post,VTP0002241546,2023-07-15,2023-07-19,Delivered,
225,225,Giao Hàng Nhanh,GHN0002255835,2023-07-16,2023-07-23,Delivered,
226,226,Giao Hàng Tiết Kiệm,GHTK0002263165,2023-07-06,2023-07-10,Delivered,
227,227,J&T Express,JT0002273695,2023-07-27,2023-08-01,Failed,Khách hàng từ chối nhận hàng
228,228,J&T Express,JT0002282886,2023-07-18,2023-07-20,Delivered,
229,229,Giao Hàng Tiết Kiệm,GHTK0002297511,2023-07-25,2023-07-29,Delivered,
230,230,Viettel Post,VTP0002301228,2023-07-17,2023-07-23,Delivered,
231,231,J&T Express,JT0002315295,2023-07-30,2023-08-04,Delivered,
232,232,J&T Express,JT0002322775,2023-07-14,2023-07-17,Delivered,
233,233,VNPost,VNP0002336374,2023-07-14,2023-07-17,Delivered,
234,234,Viettel Post,VTP0002345951,2023-07-05,2023-07-10,Delivered,
235,235,Giao Hàng Nhanh,GHN0002351609,2023-07-11,2023-07-16,Delivered,
236,236,Giao Hàng Tiết Kiệm,GHTK0002369807,2023-07-05,2023-07-10,Delivered,
237,237,VNPost,VNP0002377866,2023-07-31,2023-08-07,Delivered,
238,238,Viettel Post,VTP0002382622,2023-07-08,2023-07-14,Delivered,
239,239,J&T Express,JT0002391536,2023-07-21,2023-07-25,Delivered,
240,240,Viettel Post,VTP0002404868,2023-07-11,2023-07-13,Returned,"Giao sai sản phẩm, hoàn trả về kho"
241,241,VNPost,VNP0002416876,2023-08-23,2023-08-28,Delivered,
242,242,Giao Hàng Nhanh,GHN0002428450,2023-08-05,2023-08-12,Delivered,
243,243,VNPost,VNP0002431349,2023-08-02,2023-08-06,Delivered,
244,244,Giao Hàng Tiết Kiệm,GHTK0002444362,2023-08-28,2023-09-03,Delivered,
245,245,Giao Hàng Tiết Kiệm,GHTK0002454817,2023-08-09,2023-08-12,Delivered,
246,246,VNPost,VNP0002461046,2023-08-08,2023-08-11,Returned,"Giao sai sản phẩm, hoàn trả về kho"
247,247,Giao Hàng Tiết Kiệm,GHTK0002472801,2023-08-23,2023-08-25,Delivered,
248,248,J&T Express,JT0002484898,2023-08-25,2023-08-29,Delivered,
249,249,J&T Express,JT0002491858,2023-08-28,2023-09-04,Delivered,
250,250,Giao Hàng Nhanh,GHN0002502041,2023-08-16,2023-08-21,Delivered,
251,251,VNPost,VNP0002512786,2023-08-10,2023-08-16,Delivered,
252,252,VNPost,VNP0002521710,2023-08-08,2023-08-15,Delivered,
253,253,Viettel Post,VTP0002531510,2023-08-10,2023-08-15,Delivered,
254,254,Viettel Post,VTP0002542768,2023-08-20,2023-08-27,Delivered,
255,255,Giao Hàng Nhanh,GHN0002552323,2023-08-12,2023-08-18,Delivered,
256,256,Giao Hàng Tiết Kiệm,GHTK0002565505,2023-08-22,2023-08-29,Delivered,
257,257,J&T Express,JT0002577240,2023-08-11,2023-08-17,Delivered,
258,258,VNPost,VNP0002588048,2023-08-29,2023-09-05,Delivered,
259,259,VNPost,VNP0002594522,2023-08-28,2023-09-02,Delivered,
260,260,Viettel Post,VTP0002606553,2023-08-04,2023-08-09,Delivered,
261,261,Giao Hàng Nhanh,GHN0002616120,2023-08-14,2023-08-18,Delivered,
262,262,J&T Express,JT0002623500,2023-08-16,2023-08-21,Delivered,
263,263,Giao Hàng Nhanh,GHN0002632527,2023-08-30,2023-09-01,Delivered,
264,264,J&T Express,JT0002643131,2023-08-11,2023-08-13,Delivered,
265,265,VNPost,VNP0002656400,2023-08-28,2023-08-30,Delivered,
266,266,Viettel Post,VTP0002661842,2023-08-15,2023-08-21,Delivered,
267,267,Giao Hàng Nhanh,GHN0002679313,2023-08-08,2023-08-11,Delivered,
268,268,Giao Hàng Tiết Kiệm,GHTK0002682773,2023-08-05,2023-08-11,Delivered,
269,269,J&T Express,JT0002694705,2023-08-26,2023-09-01,Failed,Hàng bị hư hỏng trong quá trình vận chuyển
270,270,VNPost,VNP0002701430,2023-08-24,2023-08-31,Delivered,
271,271,J&T Express,JT0002711474,2023-08-22,2023-08-26,Delivered,
272,272,J&T Express,JT0002726567,2023-08-20,2023-08-22,Delivered,
273,273,Giao Hàng Tiết Kiệm,GHTK0002737566,2023-08-24,2023-08-27,Delivered,
274,274,Giao Hàng Nhanh,GHN0002742503,2023-08-30,2023-09-05,Delivered,
275,275,Viettel Post,VTP0002758432,2023-08-05,2023-08-08,Delivered,
276,276,J&T Express,JT0002762391,2023-08-10,2023-08-13,Delivered,
277,277,VNPost,VNP0002771815,2023-08-31,2023-09-02,Delivered,
278,278,Viettel Post,VTP0002788957,2023-08-26,2023-08-31,Delivered,
279,279,Giao Hàng Tiết Kiệm,GHTK0002799394,2023-08-04,2023-08-08,Delivered,
280,280,J&T Express,JT0002808972,2023-08-25,2023-09-01,Delivered,
281,281,Giao Hàng Tiết Kiệm,GHTK0002817475,2023-09-22,2023-09-24,Delivered,
282,282,J&T Express,JT0002824460,2023-09-08,2023-09-12,Delivered,
283,283,Giao Hàng Nhanh,GHN0002831126,2023-09-07,2023-09-14,Delivered,
284,284,Giao Hàng Tiết Kiệm,GHTK0002847229,2023-09-06,2023-09-13,Delivered,
285,285,VNPost,VNP0002856802,2023-09-05,2023-09-10,Delivered,
286,286,Giao Hàng Nhanh,GHN0002868147,2023-09-28,2023-10-03,Delivered,
287,287,J&T Express,JT0002878033,2023-09-30,2023-10-05,Delivered,
288,288,Viettel Post,VTP0002885743,2023-09-24,2023-09-29,Delivered,
289,289,J&T Express,JT0002893815,2023-09-05,2023-09-10,Delivered,
290,290,J&T Express,JT0002902443,2023-09-08,2023-09-10,Delivered,
291,291,VNPost,VNP0002917560,2023-09-06,2023-09-08,Delivered,
292,292,J&T Express,JT0002926562,2023-09-02,2023-09-06,Delivered,
293,293,Giao Hàng Nhanh,GHN0002939363,2023-09-19,2023-09-21,Delivered,
294,294,Giao Hàng Tiết Kiệm,GHTK0002946724,2023-09-24,2023-10-01,Failed,Quá thời gian giao hàng quy định
295,295,Giao Hàng Tiết Kiệm,GHTK0002954871,2023-09-04,2023-09-07,Delivered,
296,296,Giao Hàng Tiết Kiệm,GHTK0002963504,2023-09-10,2023-09-12,Delivered,
297,297,Viettel Post,VTP0002978601,2023-09-25,2023-10-01,Delivered,
298,298,VNPost,VNP0002986295,2023-09-27,2023-10-01,Delivered,
299,299,Giao Hàng Nhanh,GHN0002998682,2023-09-05,2023-09-12,Delivered,
300,300,J&T Express,JT0003001920,2023-09-27,2023-10-03,Delivered,
301,301,Viettel Post,VTP0003018404,2023-09-20,2023-09-22,Delivered,
302,302,J&T Express,JT0003022257,2023-09-29,2023-10-01,Delivered,
303,303,VNPost,VNP0003037299,2023-09-17,2023-09-23,Delivered,
304,304,Giao Hàng Nhanh,GHN0003048368,2023-09-11,2023-09-18,Delivered,
305,305,VNPost,VNP0003058792,2023-09-21,2023-09-24,Failed,Địa chỉ không tồn tại
306,306,Giao Hàng Nhanh,GHN0003066626,2023-09-24,2023-09-26,Delivered,
307,307,Giao Hàng Tiết Kiệm,GHTK0003071641,2023-09-24,2023-10-01,Delivered,
308,308,Viettel Post,VTP0003089586,2023-09-30,2023-10-06,Delivered,
309,309,J&T Express,JT0003095634,2023-09-23,2023-09-28,Delivered,
310,310,VNPost,VNP0003101857,2023-09-04,2023-09-11,Delivered,
311,311,J&T Express,JT0003112548,2023-09-27,2023-10-04,Delivered,
312,312,J&T Express,JT0003123463,2023-09-08,2023-09-10,Delivered,
313,313,Giao Hàng Tiết Kiệm,GHTK0003136731,2023-09-05,2023-09-12,Delivered,
314,314,Viettel Post,VTP0003143112,2023-09-20,2023-09-27,Delivered,
315,315,J&T Express,JT0003157171,2023-09-09,2023-09-13,Delivered,
316,316,VNPost,VNP0003162531,2023-09-18,2023-09-25,Delivered,
317,317,J&T Express,JT0003171298,2023-09-17,2023-09-21,Delivered,
318,318,Giao Hàng Tiết Kiệm,GHTK0003186598,2023-09-24,2023-09-27,Delivered,
319,319,Giao Hàng Tiết Kiệm,GHTK0003193538,2023-09-07,2023-09-11,Delivered,
320,320,Giao Hàng Nhanh,GHN0003209317,2023-09-29,2023-10-06,Delivered,
321,321,Giao Hàng Nhanh,GHN0003216517,2023-09-16,2023-09-19,Delivered,
322,322,Giao Hàng Tiết Kiệm,GHTK0003223658,2023-09-14,2023-09-21,Delivered,
323,323,Giao Hàng Tiết Kiệm,GHTK0003238170,2023-09-20,2023-09-25,Delivered,
324,324,Giao Hàng Tiết Kiệm,GHTK0003248277,2023-09-11,2023-09-15,Delivered,
325,325,Viettel Post,VTP0003254833,2023-09-16,2023-09-19,Delivered,
326,326,Viettel Post,VTP0003264178,2023-09-03,2023-09-10,Delivered,
327,327,Viettel Post,VTP0003278564,2023-09-27,2023-10-02,Delivered,
328,328,Viettel Post,VTP0003283655,2023-09-24,2023-09-30,Delivered,
329,329,J&T Express,JT0003291854,2023-10-01,2023-10-06,Delivered,
330,330,VNPost,VNP0003302680,2023-09-08,2023-09-14,Delivered,
331,331,J&T Express,JT0003312374,2023-09-24,2023-09-28,Delivered,
332,332,VNPost,VNP0003323414,2023-09-29,2023-10-01,Delivered,
333,333,Giao Hàng Tiết Kiệm,GHTK0003338391,2023-09-19,2023-09-21,Delivered,
334,334,Viettel Post,VTP0003349224,2023-09-17,2023-09-20,Delivered,
335,335,Giao Hàng Nhanh,GHN0003357142,2023-10-19,2023-10-21,Delivered,
336,336,Giao Hàng Nhanh,GHN0003366493,2023-10-17,2023-10-20,Delivered,
337,337,Viettel Post,VTP0003373273,2023-10-04,2023-10-09,Delivered,
338,338,Giao Hàng Nhanh,GHN0003382298,2023-10-21,2023-10-25,Delivered,
339,339,Giao Hàng Tiết Kiệm,GHTK0003399991,2023-10-08,2023-10-14,Delivered,
340,340,Giao Hàng Nhanh,GHN0003405720,2023-10-02,2023-10-06,Delivered,
341,341,Giao Hàng Tiết Kiệm,GHTK0003417878,2023-10-08,2023-10-14,Delivered,
342,342,Giao Hàng Nhanh,GHN0003429189,2023-10-22,2023-10-28,Delivered,
343,343,VNPost,VNP0003434963,2023-10-13,2023-10-16,Delivered,
344,344,Giao Hàng Nhanh,GHN0003446780,2023-10-18,2023-10-24,Delivered,
345,345,Giao Hàng Nhanh,GHN0003459576,2023-10-09,2023-10-11,Failed,Hàng bị hư hỏng trong quá trình vận chuyển
346,346,VNPost,VNP0003469316,2023-10-21,2023-10-23,Delivered,
347,347,Viettel Post,VTP0003471713,2023-10-15,2023-10-20,Returned,"Giao sai sản phẩm, hoàn trả về kho"
348,348,Giao Hàng Nhanh,GHN0003486850,2023-10-03,2023-10-07,Delivered,
349,349,Giao Hàng Nhanh,GHN0003496447,2023-10-18,2023-10-20,Delivered,
350,350,J&T Express,JT0003503868,2023-10-27,2023-11-01,Returned,"Khách không nhận, hàng tự động hoàn kho sau 3 lần giao"
351,351,Giao Hàng Tiết Kiệm,GHTK0003513209,2023-10-22,2023-10-29,Delivered,
352,352,Viettel Post,VTP0003521605,2023-10-25,2023-10-28,Delivered,
353,353,Giao Hàng Tiết Kiệm,GHTK0003531686,2023-10-04,2023-10-08,Delivered,
354,354,VNPost,VNP0003548756,2023-10-21,2023-10-23,Delivered,
355,355,Giao Hàng Tiết Kiệm,GHTK0003555687,2023-10-06,2023-10-08,Delivered,
356,356,J&T Express,JT0003565476,2023-10-27,2023-10-31,Delivered,
357,357,Viettel Post,VTP0003578204,2023-10-25,2023-10-29,Failed,Địa chỉ không tồn tại
358,358,Viettel Post,VTP0003587018,2023-10-17,2023-10-21,Delivered,
359,359,Viettel Post,VTP0003592293,2023-10-28,2023-11-03,Returned,"Hàng lỗi, khách yêu cầu trả lại"
360,360,VNPost,VNP0003605813,2023-10-19,2023-10-21,Delivered,
361,361,J&T Express,JT0003616021,2023-10-15,2023-10-21,Delivered,
362,362,Giao Hàng Tiết Kiệm,GHTK0003628272,2023-10-06,2023-10-11,Delivered,
363,363,J&T Express,JT0003638126,2023-10-23,2023-10-30,Returned,"Khách hàng đổi ý, yêu cầu hoàn hàng"
364,364,Giao Hàng Nhanh,GHN0003647655,2023-10-25,2023-10-31,Delivered,
365,365,Giao Hàng Tiết Kiệm,GHTK0003651510,2023-10-18,2023-10-24,Delivered,
366,366,Viettel Post,VTP0003661570,2023-10-20,2023-10-22,Delivered,
367,367,J&T Express,JT0003676933,2023-10-18,2023-10-24,Delivered,
368,368,Giao Hàng Tiết Kiệm,GHTK0003688371,2023-10-11,2023-10-15,Delivered,
369,369,Giao Hàng Nhanh,GHN0003693255,2023-10-29,2023-11-02,Delivered,
370,370,J&T Express,JT0003705089,2023-10-19,2023-10-21,Delivered,
371,371,Viettel Post,VTP0003719482,2023-10-06,2023-10-12,Delivered,
372,372,J&T Express,JT0003728311,2023-10-18,2023-10-24,Delivered,
373,373,Viettel Post,VTP0003734279,2023-10-21,2023-10-24,Delivered,
374,374,Viettel Post,VTP0003743828,2023-10-31,2023-11-05,Returned,"Giao sai sản phẩm, hoàn trả về kho"
375,375,J&T Express,JT0003752063,2023-10-15,2023-10-21,Delivered,
376,376,J&T Express,JT0003763580,2023-10-27,2023-11-03,Delivered,
377,377,Giao Hàng Tiết Kiệm,GHTK0003776922,2023-10-27,2023-10-30,Delivered,
378,378,Giao Hàng Tiết Kiệm,GHTK0003783275,2023-10-24,2023-10-29,Delivered,
379,379,VNPost,VNP0003797044,2023-10-09,2023-10-15,Delivered,
380,380,Giao Hàng Nhanh,GHN0003802077,2023-10-27,2023-11-01,Returned,"Khách không nhận, hàng tự động hoàn kho sau 3 lần giao"
381,381,VNPost,VNP0003817730,2023-10-29,2023-11-04,Delivered,
382,382,J&T Express,JT0003822215,2023-10-14,2023-10-19,Delivered,
383,383,J&T Express,JT0003833102,2023-10-22,2023-10-29,Delivered,
384,384,Giao Hàng Tiết Kiệm,GHTK0003848088,2023-10-06,2023-10-08,Delivered,
385,385,VNPost,VNP0003853507,2023-10-18,2023-10-21,Delivered,
386,386,Giao Hàng Tiết Kiệm,GHTK0003866669,2023-10-18,2023-10-22,Delivered,
387,387,J&T Express,JT0003874216,2023-10-18,2023-10-24,Delivered,
388,388,J&T Express,JT0003889740,2023-10-16,2023-10-22,Delivered,
389,389,VNPost,VNP0003893526,2023-10-08,2023-10-15,Delivered,
390,390,VNPost,VNP0003906531,2023-10-21,2023-10-23,Delivered,
391,391,Giao Hàng Nhanh,GHN0003912330,2023-11-23,2023-11-30,Delivered,
392,392,J&T Express,JT0003924453,2023-11-30,2023-12-05,Delivered,
393,393,Giao Hàng Nhanh,GHN0003939159,2023-11-17,2023-11-23,Delivered,
394,394,J&T Express,JT0003948912,2023-11-14,2023-11-21,Delivered,
395,395,Viettel Post,VTP0003952195,2023-11-11,2023-11-13,Delivered,
396,396,Viettel Post,VTP0003968933,2023-11-14,2023-11-17,Delivered,
397,397,Giao Hàng Tiết Kiệm,GHTK0003976121,2023-11-14,2023-11-18,Delivered,
398,398,J&T Express,JT0003987532,2023-11-12,2023-11-16,Delivered,
399,399,Giao Hàng Nhanh,GHN0003996228,2023-11-29,2023-12-04,Delivered,
400,400,Viettel Post,VTP0004005061,2023-11-26,2023-11-28,Delivered,
401,401,Viettel Post,VTP0004017850,2023-11-25,2023-11-28,Delivered,
402,402,VNPost,VNP0004026123,2023-11-09,2023-11-12,Delivered,
403,403,VNPost,VNP0004038648,2023-11-18,2023-11-22,Delivered,
404,404,Giao Hàng Nhanh,GHN0004047442,2023-11-19,2023-11-24,Failed,"Khách hàng vắng nhà, không liên lạc được"
405,405,VNPost,VNP0004056781,2023-11-23,2023-11-25,Delivered,
406,406,VNPost,VNP0004068710,2023-11-20,2023-11-26,Delivered,
407,407,Giao Hàng Nhanh,GHN0004078060,2023-11-24,2023-11-28,Delivered,
408,408,Viettel Post,VTP0004086995,2023-11-24,2023-11-29,Delivered,
409,409,VNPost,VNP0004094189,2023-11-21,2023-11-27,Delivered,
410,410,Viettel Post,VTP0004109261,2023-11-14,2023-11-20,Delivered,
411,411,VNPost,VNP0004112946,2023-11-02,2023-11-04,Delivered,
412,412,J&T Express,JT0004126990,2023-11-03,2023-11-06,Delivered,
413,413,Viettel Post,VTP0004139193,2023-11-04,2023-11-06,Delivered,
414,414,J&T Express,JT0004148761,2023-11-06,2023-11-11,Delivered,
415,415,VNPost,VNP0004153290,2023-11-18,2023-11-24,Delivered,
416,416,Viettel Post,VTP0004165902,2023-11-21,2023-11-25,Delivered,
417,417,VNPost,VNP0004179721,2023-11-04,2023-11-11,Delivered,
418,418,Viettel Post,VTP0004181272,2023-11-23,2023-11-27,Delivered,
419,419,Viettel Post,VTP0004196040,2023-11-28,2023-12-05,Delivered,
420,420,VNPost,VNP0004208775,2023-11-05,2023-11-12,Delivered,
421,421,VNPost,VNP0004214728,2023-11-16,2023-11-18,Delivered,
422,422,Giao Hàng Tiết Kiệm,GHTK0004229589,2023-11-05,2023-11-12,Delivered,
423,423,Viettel Post,VTP0004233421,2023-11-15,2023-11-18,Delivered,
424,424,Giao Hàng Nhanh,GHN0004244125,2023-11-25,2023-11-30,Delivered,
425,425,Giao Hàng Tiết Kiệm,GHTK0004257765,2023-11-22,2023-11-25,Delivered,
426,426,VNPost,VNP0004268726,2023-11-08,2023-11-15,Delivered,
427,427,Giao Hàng Tiết Kiệm,GHTK0004279498,2023-11-29,2023-12-05,Delivered,
428,428,Viettel Post,VTP0004289609,2023-11-23,2023-11-27,Failed,Địa chỉ không tồn tại
429,429,VNPost,VNP0004296608,2023-11-20,2023-11-24,Delivered,
430,430,J&T Express,JT0004308932,2023-11-11,2023-11-14,Delivered,
431,431,J&T Express,JT0004314684,2023-11-08,2023-11-12,Delivered,
432,432,Viettel Post,VTP0004326194,2023-11-08,2023-11-12,Delivered,
433,433,J&T Express,JT0004335715,2023-11-06,2023-11-12,Delivered,
434,434,Viettel Post,VTP0004347464,2023-11-06,2023-11-09,Delivered,
435,435,J&T Express,JT0004352294,2023-11-17,2023-11-22,Delivered,
436,436,Viettel Post,VTP0004364505,2023-11-21,2023-11-27,Delivered,
437,437,VNPost,VNP0004375450,2023-11-10,2023-11-12,Delivered,
438,438,VNPost,VNP0004384920,2023-11-05,2023-11-07,Delivered,
439,439,VNPost,VNP0004394697,2023-11-05,2023-11-08,Delivered,
440,440,Viettel Post,VTP0004406411,2023-11-25,2023-11-30,Delivered,
441,441,Giao Hàng Tiết Kiệm,GHTK0004411084,2023-11-05,2023-11-08,Delivered,
442,442,Viettel Post,VTP0004428822,2023-12-01,2023-12-04,Delivered,
443,443,J&T Express,JT0004436262,2023-11-30,2023-12-07,Delivered,
444,444,Giao Hàng Nhanh,GHN0004444804,2023-11-10,2023-11-17,Delivered,
445,445,Giao Hàng Nhanh,GHN0004453868,2023-11-18,2023-11-21,Delivered,
446,446,Giao Hàng Nhanh,GHN0004467504,2023-11-15,2023-11-18,Delivered,
447,447,J&T Express,JT0004471613,2023-11-05,2023-11-09,Delivered,
448,448,Giao Hàng Nhanh,GHN0004486489,2023-11-27,2023-12-02,Returned,"Khách không nhận, hàng tự động hoàn kho sau 3 lần giao"
449,449,Giao Hàng Tiết Kiệm,GHTK0004499261,2023-11-05,2023-11-09,Delivered,
450,450,Giao Hàng Nhanh,GHN0004506417,2023-11-02,2023-11-09,Delivered,
451,451,J&T Express,JT0004514050,2023-11-19,2023-11-26,Delivered,
452,452,J&T Express,JT0004524164,2023-11-22,2023-11-28,Delivered,
453,453,Viettel Post,VTP0004538007,2023-11-20,2023-11-24,Delivered,
454,454,Giao Hàng Nhanh,GHN0004544027,2023-11-10,2023-11-15,Delivered,
455,455,Giao Hàng Tiết Kiệm,GHTK0004551111,2023-11-26,2023-12-01,Delivered,
456,456,J&T Express,JT0004566400,2023-11-20,2023-11-26,Delivered,
457,457,Giao Hàng Nhanh,GHN0004575285,2023-11-24,2023-11-28,Delivered,
458,458,Giao Hàng Nhanh,GHN0004582936,2023-11-24,2023-11-28,Delivered,
459,459,VNPost,VNP0004596095,2023-11-18,2023-11-20,Delivered,
460,460,J&T Express,JT0004607021,2023-11-10,2023-11-13,Delivered,
461,461,Giao Hàng Tiết Kiệm,GHTK0004618834,2023-11-23,2023-11-28,Delivered,
462,462,VNPost,VNP0004627121,2023-11-16,2023-11-23,Delivered,
463,463,Viettel Post,VTP0004639806,2023-11-11,2023-11-14,Delivered,
464,464,VNPost,VNP0004642341,2023-12-01,2023-12-06,Delivered,
465,465,J&T Express,JT0004652279,2023-11-18,2023-11-20,Delivered,
466,466,VNPost,VNP0004669281,2023-11-08,2023-11-14,Delivered,
467,467,Giao Hàng Tiết Kiệm,GHTK0004676375,2023-11-13,2023-11-18,Delivered,
468,468,Giao Hàng Tiết Kiệm,GHTK0004689008,2023-11-19,2023-11-25,Delivered,
469,469,Giao Hàng Nhanh,GHN0004698429,2023-11-07,2023-11-13,Delivered,
470,470,VNPost,VNP0004701945,2023-12-14,2023-12-19,Delivered,
471,471,J&T Express,JT0004711356,2023-12-23,2023-12-27,Delivered,
472,472,Giao Hàng Tiết Kiệm,GHTK0004722196,2023-12-02,2023-12-07,Delivered,
473,473,Giao Hàng Nhanh,GHN0004739866,2023-12-12,2023-12-14,Returned,"Khách không nhận, hàng tự động hoàn kho sau 3 lần giao"
474,474,Giao Hàng Nhanh,GHN0004745703,2023-12-20,2023-12-23,Delivered,
475,475,Viettel Post,VTP0004757135,2023-12-25,2023-12-30,Delivered,
476,476,Viettel Post,VTP0004767154,2023-12-24,2023-12-31,Failed,Hàng bị hư hỏng trong quá trình vận chuyển
477,477,Giao Hàng Tiết Kiệm,GHTK0004776697,2023-12-12,2023-12-15,Returned,"Khách không nhận, hàng tự động hoàn kho sau 3 lần giao"
478,478,VNPost,VNP0004783086,2023-12-14,2023-12-17,Delivered,
479,479,Giao Hàng Nhanh,GHN0004795888,2023-12-26,2024-01-02,Delivered,
480,480,Viettel Post,VTP0004809715,2023-12-25,2023-12-28,Delivered,
481,481,J&T Express,JT0004813541,2023-12-04,2023-12-07,Delivered,
482,482,Giao Hàng Nhanh,GHN0004821527,2023-12-31,2024-01-05,Delivered,
483,483,Giao Hàng Nhanh,GHN0004834943,2023-12-24,2023-12-26,Delivered,
484,484,Giao Hàng Nhanh,GHN0004848314,2023-12-18,2023-12-25,Delivered,
485,485,Giao Hàng Nhanh,GHN0004855009,2023-12-29,2023-12-31,Delivered,
486,486,Giao Hàng Tiết Kiệm,GHTK0004869843,2023-12-24,2023-12-26,Delivered,
487,487,J&T Express,JT0004874836,2023-12-07,2023-12-13,Delivered,
488,488,VNPost,VNP0004886253,2023-12-28,2024-01-01,Delivered,
489,489,VNPost,VNP0004894621,2023-12-30,2024-01-03,Delivered,
490,490,VNPost,VNP0004903869,2023-12-04,2023-12-11,Delivered,
491,491,Viettel Post,VTP0004911768,2023-12-13,2023-12-20,Delivered,
492,492,VNPost,VNP0004926222,2023-12-17,2023-12-22,Delivered,
493,493,J&T Express,JT0004937167,2023-12-08,2023-12-14,Delivered,
494,494,Giao Hàng Tiết Kiệm,GHTK0004945927,2023-12-10,2023-12-13,Delivered,
495,495,Giao Hàng Nhanh,GHN0004957761,2023-12-28,2024-01-03,Delivered,
496,496,Viettel Post,VTP0004964978,2023-12-11,2023-12-14,Delivered,
497,497,Giao Hàng Nhanh,GHN0004978369,2023-12-30,2024-01-01,Delivered,
498,498,Giao Hàng Tiết Kiệm,GHTK0004981844,2023-12-12,2023-12-17,Delivered,
499,499,VNPost,VNP0004991647,2023-12-17,2023-12-20,Delivered,
500,500,VNPost,VNP0005004555,2023-12-13,2023-12-16,Delivered,
501,501,J&T Express,JT0005015967,2023-12-08,2023-12-11,Delivered,
502,502,Giao Hàng Nhanh,GHN0005028846,2023-12-07,2023-12-14,Delivered,
503,503,Giao Hàng Tiết Kiệm,GHTK0005037498,2023-12-04,2023-12-10,Delivered,
504,504,J&T Express,JT0005047236,2023-12-13,2023-12-19,Delivered,
505,505,J&T Express,JT0005055285,2023-12-20,2023-12-26,Delivered,
506,506,Viettel Post,VTP0005062615,2023-12-24,2023-12-29,Delivered,
507,507,J&T Express,JT0005074328,2023-12-06,2023-12-10,Delivered,
508,508,VNPost,VNP0005084625,2023-12-25,2023-12-28,Delivered,
509,509,VNPost,VNP0005097841,2023-12-21,2023-12-24,Delivered,
510,510,Giao Hàng Tiết Kiệm,GHTK0005107223,2023-12-26,2023-12-29,Delivered,
511,511,J&T Express,JT0005115216,2023-12-19,2023-12-26,Delivered,
512,512,Viettel Post,VTP0005128550,2023-12-12,2023-12-19,Delivered,
513,513,Giao Hàng Tiết Kiệm,GHTK0005133293,2023-12-15,2023-12-21,Delivered,
514,514,VNPost,VNP0005141962,2023-12-05,2023-12-07,Delivered,
515,515,Giao Hàng Nhanh,GHN0005151794,2023-12-05,2023-12-10,Delivered,
516,516,Giao Hàng Tiết Kiệm,GHTK0005162113,2023-12-14,2023-12-17,Delivered,
517,517,VNPost,VNP0005178471,2023-12-22,2023-12-24,Delivered,
518,518,VNPost,VNP0005188916,2023-12-13,2023-12-18,Delivered,
519,519,VNPost,VNP0005197739,2023-12-13,2023-12-15,Delivered,
520,520,J&T Express,JT0005209777,2023-12-29,2023-12-31,Delivered,
521,521,Viettel Post,VTP0005213937,2023-12-12,2023-12-14,Delivered,
522,522,Giao Hàng Tiết Kiệm,GHTK0005224144,2023-12-19,2023-12-25,Delivered,
523,523,J&T Express,JT0005235379,2023-12-24,2023-12-26,Delivered,
524,524,Viettel Post,VTP0005248520,2023-12-12,2023-12-15,Returned,"Hàng lỗi, khách yêu cầu trả lại"
525,525,J&T Express,JT0005252320,2023-12-07,2023-12-14,Delivered,
526,526,Giao Hàng Nhanh,GHN0005267640,2023-12-21,2023-12-26,Delivered,
527,527,Giao Hàng Nhanh,GHN0005271154,2023-12-12,2023-12-15,Delivered,
528,528,Viettel Post,VTP0005286427,2023-12-13,2023-12-15,Delivered,
529,529,Giao Hàng Nhanh,GHN0005294764,2023-12-27,2024-01-03,Delivered,
530,530,Viettel Post,VTP0005305441,2023-12-03,2023-12-05,Delivered,
531,531,J&T Express,JT0005319897,2023-12-13,2023-12-20,Delivered,
532,532,J&T Express,JT0005321256,2023-12-13,2023-12-19,Delivered,
533,533,Viettel Post,VTP0005332260,2023-12-16,2023-12-19,Delivered,
534,534,VNPost,VNP0005347375,2023-12-22,2023-12-28,Delivered,
535,535,Giao Hàng Tiết Kiệm,GHTK0005352284,2023-12-11,2023-12-18,Failed,Sai địa chỉ giao hàng
536,536,Giao Hàng Nhanh,GHN0005368161,2023-12-13,2023-12-15,Delivered,
537,537,VNPost,VNP0005377499,2023-12-09,2023-12-11,Delivered,
538,538,Viettel Post,VTP0005389038,2023-12-13,2023-12-17,Delivered,
539,539,Viettel Post,VTP0005398075,2023-12-24,2023-12-31,Delivered,
540,540,Viettel Post,VTP0005402404,2023-12-11,2023-12-15,Delivered,
541,541,Giao Hàng Nhanh,GHN0005412344,2023-12-30,2024-01-02,Delivered,
542,542,Giao Hàng Tiết Kiệm,GHTK0005427383,2023-12-22,2023-12-26,Delivered,
543,543,Giao Hàng Nhanh,GHN0005436050,2023-12-16,2023-12-20,Delivered,
544,544,Giao Hàng Nhanh,GHN0005443170,2023-12-18,2023-12-21,Delivered,
545,545,VNPost,VNP0005459395,2023-12-28,2023-12-30,Delivered,
546,546,J&T Express,JT0005462524,2023-12-22,2023-12-28,Delivered,
547,547,Viettel Post,VTP0005471202,2023-12-03,2023-12-08,Delivered,
548,548,Giao Hàng Nhanh,GHN0005484977,2023-12-08,2023-12-14,Delivered,
549,549,Viettel Post,VTP0005493777,2023-12-04,2023-12-08,Delivered,
550,550,Viettel Post,VTP0005503390,2023-12-24,2023-12-27,Delivered,
551,551,Viettel Post,VTP0005515911,2023-12-18,2023-12-20,Delivered,
552,552,Giao Hàng Tiết Kiệm,GHTK0005529123,2023-12-12,2023-12-18,Delivered,
553,553,Giao Hàng Nhanh,GHN0005533219,2023-12-05,2023-12-07,Delivered,
554,554,J&T Express,JT0005547224,2023-12-15,2023-12-20,Delivered,
555,555,VNPost,VNP0005553230,2023-12-24,2023-12-28,Delivered,
556,556,Giao Hàng Tiết Kiệm,GHTK0005568848,2023-12-26,2023-12-29,Failed,Khách hàng từ chối nhận hàng
557,557,J&T Express,JT0005579044,2023-12-05,2023-12-08,Delivered,
558,558,J&T Express,JT0005587437,2023-12-11,2023-12-13,Delivered,
559,559,Giao Hàng Tiết Kiệm,GHTK0005599939,2023-12-02,2023-12-09,Delivered,
560,560,Giao Hàng Nhanh,GHN0005608563,2024-01-08,2024-01-11,Delivered,
561,561,J&T Express,JT0005612133,2024-01-27,2024-02-03,Delivered,
562,562,J&T Express,JT0005624965,2024-01-25,2024-02-01,Delivered,
563,563,Viettel Post,VTP0005637176,2024-01-22,2024-01-27,Returned,"Khách không nhận, hàng tự động hoàn kho sau 3 lần giao"
564,564,VNPost,VNP0005647566,2024-01-23,2024-01-29,Delivered,
565,565,Viettel Post,VTP0005659907,2024-01-16,2024-01-20,Delivered,
566,566,VNPost,VNP0005662392,2024-01-13,2024-01-16,Delivered,
567,567,J&T Express,JT0005673725,2024-01-17,2024-01-23,Delivered,
568,568,Viettel Post,VTP0005686432,2024-01-07,2024-01-09,Delivered,
569,569,J&T Express,JT0005694637,2024-01-10,2024-01-17,Delivered,
570,570,VNPost,VNP0005704621,2024-01-05,2024-01-09,Delivered,
571,571,VNPost,VNP0005719199,2024-01-05,2024-01-09,Returned,"Khách không nhận, hàng tự động hoàn kho sau 3 lần giao"
572,572,Giao Hàng Nhanh,GHN0005725840,2024-01-04,2024-01-06,Delivered,
573,573,Giao Hàng Tiết Kiệm,GHTK0005736707,2024-01-04,2024-01-08,Delivered,
574,574,Giao Hàng Tiết Kiệm,GHTK0005749537,2024-01-17,2024-01-21,Delivered,
575,575,Viettel Post,VTP0005758412,2024-01-23,2024-01-25,Delivered,
576,576,Giao Hàng Nhanh,GHN0005761370,2024-01-11,2024-01-18,Delivered,
577,577,Giao Hàng Tiết Kiệm,GHTK0005774996,2024-01-16,2024-01-19,Delivered,
578,578,J&T Express,JT0005787985,2024-01-13,2024-01-16,Delivered,
579,579,Giao Hàng Tiết Kiệm,GHTK0005794053,2024-01-08,2024-01-15,Delivered,
580,580,Giao Hàng Nhanh,GHN0005804232,2024-01-09,2024-01-15,Delivered,
581,581,Giao Hàng Nhanh,GHN0005814519,2024-01-02,2024-01-06,Delivered,
582,582,Giao Hàng Nhanh,GHN0005822667,2024-01-26,2024-01-29,Delivered,
583,583,Giao Hàng Tiết Kiệm,GHTK0005838496,2024-01-22,2024-01-26,Delivered,
584,584,Viettel Post,VTP0005849646,2024-01-15,2024-01-19,Delivered,
585,585,VNPost,VNP0005857431,2024-01-29,2024-01-31,Delivered,
586,586,Viettel Post,VTP0005863826,2024-01-20,2024-01-27,Delivered,
587,587,VNPost,VNP0005872388,2024-01-25,2024-01-28,Delivered,
588,588,Giao Hàng Tiết Kiệm,GHTK0005886003,2024-02-24,2024-02-27,Delivered,
589,589,Giao Hàng Tiết Kiệm,GHTK0005899369,2024-02-07,2024-02-12,Delivered,
590,590,VNPost,VNP0005907286,2024-02-10,2024-02-13,Delivered,
591,591,VNPost,VNP0005913838,2024-02-25,2024-02-28,Delivered,
592,592,Giao Hàng Tiết Kiệm,GHTK0005924065,2024-02-06,2024-02-11,Delivered,
593,593,J&T Express,JT0005931157,2024-02-29,2024-03-03,Delivered,
594,594,Viettel Post,VTP0005949281,2024-02-22,2024-02-27,Delivered,
595,595,Viettel Post,VTP0005957809,2024-02-28,2024-03-04,Delivered,
596,596,Giao Hàng Nhanh,GHN0005961505,2024-02-13,2024-02-17,Delivered,
597,597,Giao Hàng Tiết Kiệm,GHTK0005979808,2024-02-04,2024-02-07,Delivered,
598,598,VNPost,VNP0005989115,2024-02-19,2024-02-25,Delivered,
599,599,Giao Hàng Nhanh,GHN0005995389,2024-02-05,2024-02-09,Delivered,
600,600,Giao Hàng Nhanh,GHN0006008231,2024-02-19,2024-02-22,Returned,"Khách hàng đổi ý, yêu cầu hoàn hàng"
601,601,Giao Hàng Tiết Kiệm,GHTK0006015877,2024-02-23,2024-02-28,Delivered,
602,602,Giao Hàng Nhanh,GHN0006028193,2024-02-04,2024-02-07,Delivered,
603,603,VNPost,VNP0006036744,2024-02-23,2024-02-29,Delivered,
604,604,Giao Hàng Tiết Kiệm,GHTK0006043281,2024-02-13,2024-02-16,Delivered,
605,605,VNPost,VNP0006056747,2024-02-06,2024-02-10,Delivered,
606,606,Giao Hàng Tiết Kiệm,GHTK0006066302,2024-02-05,2024-02-09,Delivered,
607,607,J&T Express,JT0006079428,2024-02-05,2024-02-07,Delivered,
608,608,Viettel Post,VTP0006081971,2024-02-12,2024-02-19,Delivered,
609,609,Giao Hàng Tiết Kiệm,GHTK0006095090,2024-02-29,2024-03-07,Delivered,
610,610,Giao Hàng Tiết Kiệm,GHTK0006107434,2024-02-14,2024-02-17,Delivered,
611,611,J&T Express,JT0006117786,2024-02-23,2024-02-28,Delivered,
612,612,Giao Hàng Nhanh,GHN0006127600,2024-02-10,2024-02-17,Delivered,
613,613,J&T Express,JT0006138449,2024-02-03,2024-02-07,Delivered,
614,614,Giao Hàng Nhanh,GHN0006148511,2024-02-09,2024-02-16,Delivered,
615,615,Giao Hàng Nhanh,GHN0006159756,2024-02-27,2024-03-01,Failed,"Khách hàng vắng nhà, không liên lạc được"
616,616,Viettel Post,VTP0006165399,2024-02-20,2024-02-24,Delivered,
617,617,VNPost,VNP0006173139,2024-02-15,2024-02-20,Delivered,
618,618,Giao Hàng Nhanh,GHN0006181752,2024-03-18,2024-03-25,Delivered,
619,619,Viettel Post,VTP0006191266,2024-03-14,2024-03-17,Delivered,
620,620,Giao Hàng Nhanh,GHN0006208009,2024-03-21,2024-03-28,Delivered,
621,621,J&T Express,JT0006213604,2024-03-04,2024-03-06,Delivered,
622,622,J&T Express,JT0006222350,2024-03-26,2024-04-02,Delivered,
623,623,Giao Hàng Tiết Kiệm,GHTK0006231848,2024-03-17,2024-03-24,Delivered,
624,624,Giao Hàng Tiết Kiệm,GHTK0006248032,2024-03-26,2024-03-28,Delivered,
625,625,Giao Hàng Nhanh,GHN0006254496,2024-03-29,2024-03-31,Delivered,
626,626,Giao Hàng Tiết Kiệm,GHTK0006269510,2024-03-30,2024-04-04,Delivered,
627,627,J&T Express,JT0006272975,2024-03-18,2024-03-25,Delivered,
628,628,Giao Hàng Nhanh,GHN0006284751,2024-03-24,2024-03-26,Delivered,
629,629,Giao Hàng Nhanh,GHN0006292690,2024-03-24,2024-03-28,Delivered,
630,630,Giao Hàng Tiết Kiệm,GHTK0006307270,2024-03-10,2024-03-17,Returned,"Hàng lỗi, khách yêu cầu trả lại"
631,631,Giao Hàng Nhanh,GHN0006319691,2024-03-18,2024-03-20,Delivered,
632,632,Giao Hàng Tiết Kiệm,GHTK0006328210,2024-03-26,2024-04-02,Delivered,
633,633,Giao Hàng Tiết Kiệm,GHTK0006337745,2024-03-06,2024-03-13,Delivered,
634,634,Giao Hàng Tiết Kiệm,GHTK0006342420,2024-03-17,2024-03-20,Delivered,
635,635,VNPost,VNP0006357291,2024-03-27,2024-04-01,Delivered,
636,636,Giao Hàng Tiết Kiệm,GHTK0006365059,2024-03-09,2024-03-16,Delivered,
637,637,VNPost,VNP0006375668,2024-03-28,2024-03-30,Delivered,
638,638,J&T Express,JT0006384366,2024-03-11,2024-03-17,Delivered,
639,639,Viettel Post,VTP0006395842,2024-03-19,2024-03-21,Delivered,
640,640,Giao Hàng Tiết Kiệm,GHTK0006409108,2024-03-30,2024-04-01,Delivered,
641,641,VNPost,VNP0006412163,2024-03-22,2024-03-24,Returned,"Giao sai sản phẩm, hoàn trả về kho"
642,642,Giao Hàng Tiết Kiệm,GHTK0006427337,2024-03-20,2024-03-25,Delivered,
643,643,Giao Hàng Tiết Kiệm,GHTK0006438717,2024-03-23,2024-03-25,Delivered,
644,644,Giao Hàng Nhanh,GHN0006445295,2024-03-08,2024-03-10,Delivered,
645,645,Viettel Post,VTP0006459300,2024-03-20,2024-03-27,Delivered,
646,646,Viettel Post,VTP0006467939,2024-03-23,2024-03-28,Delivered,
647,647,VNPost,VNP0006479808,2024-03-31,2024-04-03,Delivered,
648,648,J&T Express,JT0006482294,2024-03-25,2024-03-28,Failed,"Khách hàng vắng nhà, không liên lạc được"
649,649,VNPost,VNP0006496353,2024-03-12,2024-03-18,Delivered,
650,650,Giao Hàng Nhanh,GHN0006506081,2024-03-29,2024-04-03,Delivered,
651,651,Giao Hàng Tiết Kiệm,GHTK0006511948,2024-03-16,2024-03-18,Delivered,
652,652,Giao Hàng Nhanh,GHN0006528428,2024-03-24,2024-03-30,Delivered,
653,653,Giao Hàng Tiết Kiệm,GHTK0006532956,2024-03-22,2024-03-29,Delivered,
654,654,Giao Hàng Nhanh,GHN0006543684,2024-04-18,2024-04-22,Delivered,
655,655,J&T Express,JT0006553735,2024-04-24,2024-04-27,Delivered,
656,656,J&T Express,JT0006562934,2024-04-06,2024-04-10,Delivered,
657,657,J&T Express,JT0006579582,2024-04-05,2024-04-09,Delivered,
658,658,VNPost,VNP0006582262,2024-04-20,2024-04-25,Delivered,
659,659,Giao Hàng Nhanh,GHN0006599185,2024-04-23,2024-04-26,Delivered,
660,660,J&T Express,JT0006602685,2024-04-24,2024-05-01,Delivered,
661,661,Giao Hàng Tiết Kiệm,GHTK0006619336,2024-04-09,2024-04-11,Delivered,
662,662,Giao Hàng Nhanh,GHN0006625006,2024-04-11,2024-04-16,Delivered,
663,663,Giao Hàng Tiết Kiệm,GHTK0006633932,2024-04-26,2024-05-02,Delivered,
664,664,Viettel Post,VTP0006644678,2024-04-26,2024-04-29,Delivered,
665,665,J&T Express,JT0006655444,2024-04-28,2024-05-04,Delivered,
666,666,VNPost,VNP0006661862,2024-04-03,2024-04-06,Delivered,
667,667,Giao Hàng Nhanh,GHN0006677568,2024-04-24,2024-04-29,Delivered,
668,668,J&T Express,JT0006686362,2024-04-23,2024-04-29,Delivered,
669,669,J&T Express,JT0006694287,2024-04-22,2024-04-28,Delivered,
670,670,VNPost,VNP0006704974,2024-04-29,2024-05-03,Delivered,
671,671,Viettel Post,VTP0006714201,2024-04-06,2024-04-12,Delivered,
672,672,Giao Hàng Tiết Kiệm,GHTK0006723466,2024-04-06,2024-04-11,Delivered,
673,673,VNPost,VNP0006736675,2024-05-01,2024-05-08,Delivered,
674,674,J&T Express,JT0006741023,2024-04-17,2024-04-22,Delivered,
675,675,J&T Express,JT0006752703,2024-04-09,2024-04-15,Returned,"Khách không nhận, hàng tự động hoàn kho sau 3 lần giao"
676,676,Viettel Post,VTP0006761981,2024-04-12,2024-04-19,Delivered,
677,677,Giao Hàng Nhanh,GHN0006774792,2024-04-20,2024-04-25,Delivered,
678,678,J&T Express,JT0006788511,2024-05-01,2024-05-03,Delivered,
679,679,VNPost,VNP0006793187,2024-05-01,2024-05-06,Delivered,
680,680,VNPost,VNP0006802020,2024-04-18,2024-04-25,Failed,"Khách hàng vắng nhà, không liên lạc được"
681,681,J&T Express,JT0006815276,2024-04-19,2024-04-24,Delivered,
682,682,J&T Express,JT0006826211,2024-04-30,2024-05-04,Delivered,
683,683,Giao Hàng Tiết Kiệm,GHTK0006833230,2024-04-12,2024-04-14,Delivered,
684,684,Giao Hàng Tiết Kiệm,GHTK0006848365,2024-04-29,2024-05-03,Delivered,
685,685,VNPost,VNP0006856870,2024-04-17,2024-04-22,Delivered,
686,686,J&T Express,JT0006862964,2024-04-02,2024-04-05,Delivered,
687,687,J&T Express,JT0006871660,2024-04-04,2024-04-08,Delivered,
688,688,Giao Hàng Tiết Kiệm,GHTK0006886828,2024-04-20,2024-04-26,Delivered,
689,689,J&T Express,JT0006895262,2024-04-11,2024-04-13,Failed,Địa chỉ không tồn tại
690,690,VNPost,VNP0006905093,2024-04-12,2024-04-17,Delivered,
691,691,Giao Hàng Tiết Kiệm,GHTK0006912989,2024-04-21,2024-04-23,Delivered,
692,692,Giao Hàng Tiết Kiệm,GHTK0006923141,2024-04-05,2024-04-10,Delivered,
693,693,Giao Hàng Nhanh,GHN0006935240,2024-05-29,2024-05-31,Returned,"Hàng lỗi, khách yêu cầu trả lại"
694,694,Viettel Post,VTP0006943110,2024-05-06,2024-05-10,Delivered,
695,695,Viettel Post,VTP0006951829,2024-05-29,2024-06-04,Delivered,
696,696,Viettel Post,VTP0006969128,2024-05-24,2024-05-29,Delivered,
697,697,Giao Hàng Tiết Kiệm,GHTK0006976799,2024-05-22,2024-05-25,Delivered,
698,698,Viettel Post,VTP0006983435,2024-05-17,2024-05-23,Delivered,
699,699,Giao Hàng Tiết Kiệm,GHTK0006995835,2024-05-26,2024-05-31,Delivered,
700,700,Viettel Post,VTP0007001999,2024-05-27,2024-05-31,Delivered,
701,701,Viettel Post,VTP0007014267,2024-05-24,2024-05-30,Delivered,
702,702,VNPost,VNP0007021319,2024-05-12,2024-05-19,Delivered,
703,703,VNPost,VNP0007038940,2024-05-04,2024-05-10,Delivered,
704,704,Viettel Post,VTP0007045430,2024-05-11,2024-05-13,Delivered,
705,705,Giao Hàng Tiết Kiệm,GHTK0007051480,2024-05-13,2024-05-15,Delivered,
706,706,Viettel Post,VTP0007069674,2024-05-20,2024-05-26,Returned,"Hàng lỗi, khách yêu cầu trả lại"
707,707,Giao Hàng Nhanh,GHN0007075060,2024-05-13,2024-05-16,Delivered,
708,708,Giao Hàng Nhanh,GHN0007084594,2024-05-22,2024-05-27,Delivered,
709,709,Giao Hàng Tiết Kiệm,GHTK0007093885,2024-05-11,2024-05-17,Delivered,
710,710,J&T Express,JT0007101462,2024-05-16,2024-05-23,Delivered,
711,711,VNPost,VNP0007113328,2024-05-10,2024-05-13,Delivered,
712,712,Viettel Post,VTP0007129882,2024-05-10,2024-05-13,Delivered,
713,713,Giao Hàng Nhanh,GHN0007131920,2024-05-23,2024-05-29,Delivered,
714,714,VNPost,VNP0007148831,2024-05-14,2024-05-18,Delivered,
715,715,Giao Hàng Tiết Kiệm,GHTK0007153137,2024-05-13,2024-05-20,Delivered,
716,716,J&T Express,JT0007161975,2024-05-20,2024-05-23,Delivered,
717,717,Giao Hàng Tiết Kiệm,GHTK0007172817,2024-05-21,2024-05-25,Failed,Khách hàng từ chối nhận hàng
718,718,Viettel Post,VTP0007182655,2024-05-06,2024-05-10,Delivered,
719,719,Giao Hàng Tiết Kiệm,GHTK0007198157,2024-05-06,2024-05-11,Delivered,
720,720,Giao Hàng Tiết Kiệm,GHTK0007206846,2024-05-06,2024-05-13,Delivered,
721,721,Giao Hàng Tiết Kiệm,GHTK0007217199,2024-05-19,2024-05-26,Delivered,
722,722,Giao Hàng Tiết Kiệm,GHTK0007223911,2024-05-08,2024-05-10,Delivered,
723,723,VNPost,VNP0007237415,2024-05-10,2024-05-12,Delivered,
724,724,J&T Express,JT0007244619,2024-05-30,2024-06-05,Delivered,
725,725,Viettel Post,VTP0007253304,2024-05-15,2024-05-22,Delivered,
726,726,J&T Express,JT0007266234,2024-05-12,2024-05-19,Delivered,
727,727,Giao Hàng Nhanh,GHN0007276500,2024-05-10,2024-05-12,Delivered,
728,728,Giao Hàng Tiết Kiệm,GHTK0007282110,2024-05-13,2024-05-17,Delivered,
729,729,Giao Hàng Nhanh,GHN0007291788,2024-06-20,2024-06-25,Delivered,
730,730,Giao Hàng Tiết Kiệm,GHTK0007307783,2024-06-14,2024-06-19,Delivered,
731,731,Viettel Post,VTP0007312661,2024-06-09,2024-06-15,Delivered,
732,732,Giao Hàng Tiết Kiệm,GHTK0007323664,2024-06-23,2024-06-25,Delivered,
733,733,Giao Hàng Nhanh,GHN0007335831,2024-06-16,2024-06-20,Delivered,
734,734,Giao Hàng Nhanh,GHN0007342215,2024-06-03,2024-06-06,Delivered,
735,735,Giao Hàng Tiết Kiệm,GHTK0007352228,2024-06-20,2024-06-22,Delivered,
736,736,VNPost,VNP0007368909,2024-06-13,2024-06-15,Delivered,
737,737,Giao Hàng Tiết Kiệm,GHTK0007378113,2024-06-19,2024-06-21,Delivered,
738,738,Giao Hàng Tiết Kiệm,GHTK0007384112,2024-06-10,2024-06-17,Delivered,
739,739,VNPost,VNP0007395346,2024-06-16,2024-06-20,Delivered,
740,740,Giao Hàng Nhanh,GHN0007401813,2024-06-24,2024-06-30,Delivered,
741,741,Viettel Post,VTP0007413516,2024-06-29,2024-07-03,Delivered,
742,742,Giao Hàng Nhanh,GHN0007425825,2024-06-19,2024-06-26,Delivered,
743,743,Giao Hàng Tiết Kiệm,GHTK0007432589,2024-06-28,2024-07-01,Delivered,
744,744,J&T Express,JT0007442342,2024-06-16,2024-06-18,Delivered,
745,745,Viettel Post,VTP0007458715,2024-06-24,2024-07-01,Delivered,
746,746,VNPost,VNP0007467349,2024-06-02,2024-06-06,Delivered,
747,747,J&T Express,JT0007474056,2024-06-27,2024-06-29,Delivered,
748,748,Viettel Post,VTP0007485315,2024-06-27,2024-07-01,Delivered,
749,749,Giao Hàng Tiết Kiệm,GHTK0007492584,2024-06-17,2024-06-24,Delivered,
750,750,VNPost,VNP0007507782,2024-07-01,2024-07-04,Delivered,
751,751,Viettel Post,VTP0007519561,2024-06-11,2024-06-17,Delivered,
752,752,Viettel Post,VTP0007524860,2024-06-18,2024-06-22,Delivered,
753,753,Giao Hàng Nhanh,GHN0007539226,2024-06-14,2024-06-20,Delivered,
754,754,VNPost,VNP0007543415,2024-06-17,2024-06-22,Delivered,
755,755,Giao Hàng Tiết Kiệm,GHTK0007554471,2024-06-08,2024-06-11,Delivered,
756,756,Giao Hàng Nhanh,GHN0007568133,2024-06-11,2024-06-18,Delivered,
757,757,VNPost,VNP0007575225,2024-06-22,2024-06-29,Delivered,
758,758,Giao Hàng Nhanh,GHN0007582425,2024-06-03,2024-06-09,Delivered,
759,759,J&T Express,JT0007595525,2024-06-28,2024-07-03,Delivered,
760,760,Giao Hàng Nhanh,GHN0007609561,2024-06-06,2024-06-08,Delivered,
761,761,Giao Hàng Tiết Kiệm,GHTK0007612641,2024-06-27,2024-07-03,Delivered,
762,762,J&T Express,JT0007629775,2024-06-28,2024-07-03,Delivered,
763,763,Viettel Post,VTP0007638750,2024-06-05,2024-06-08,Delivered,
764,764,Giao Hàng Tiết Kiệm,GHTK0007647581,2024-06-12,2024-06-17,Delivered,
765,765,J&T Express,JT0007654892,2024-06-28,2024-07-05,Delivered,
766,766,J&T Express,JT0007667102,2024-06-02,2024-06-06,Delivered,
767,767,J&T Express,JT0007676094,2024-06-20,2024-06-25,Delivered,
768,768,Giao Hàng Nhanh,GHN0007684734,2024-06-28,2024-07-02,Failed,Địa chỉ không tồn tại
769,769,J&T Express,JT0007695414,2024-06-14,2024-06-19,Delivered,
770,770,Giao Hàng Nhanh,GHN0007704079,2024-06-22,2024-06-25,Delivered,
771,771,Viettel Post,VTP0007718937,2024-06-19,2024-06-23,Delivered,
772,772,VNPost,VNP0007723604,2024-06-24,2024-06-28,Delivered,
773,773,Viettel Post,VTP0007733222,2024-07-05,2024-07-11,Delivered,
774,774,Giao Hàng Tiết Kiệm,GHTK0007744288,2024-07-24,2024-07-27,Delivered,
775,775,Giao Hàng Nhanh,GHN0007756904,2024-07-31,2024-08-03,Delivered,
776,776,Viettel Post,VTP0007769275,2024-07-28,2024-08-04,Delivered,
777,777,Giao Hàng Nhanh,GHN0007774963,2024-07-08,2024-07-13,Delivered,
778,778,Giao Hàng Tiết Kiệm,GHTK0007788775,2024-07-14,2024-07-20,Delivered,
779,779,Giao Hàng Tiết Kiệm,GHTK0007795237,2024-07-07,2024-07-14,Delivered,
780,780,Giao Hàng Nhanh,GHN0007807333,2024-07-13,2024-07-16,Delivered,
781,781,Giao Hàng Tiết Kiệm,GHTK0007814626,2024-07-29,2024-08-01,Delivered,
782,782,J&T Express,JT0007827709,2024-07-30,2024-08-01,Delivered,
783,783,Giao Hàng Nhanh,GHN0007838767,2024-07-03,2024-07-10,Delivered,
784,784,Giao Hàng Nhanh,GHN0007844666,2024-07-21,2024-07-27,Delivered,
785,785,J&T Express,JT0007855511,2024-07-20,2024-07-25,Delivered,
786,786,Viettel Post,VTP0007865128,2024-07-11,2024-07-16,Delivered,
787,787,VNPost,VNP0007877506,2024-07-15,2024-07-17,Delivered,
788,788,J&T Express,JT0007885631,2024-07-17,2024-07-24,Delivered,
789,789,Giao Hàng Nhanh,GHN0007896509,2024-07-15,2024-07-22,Delivered,
790,790,J&T Express,JT0007905278,2024-07-21,2024-07-28,Failed,Quá thời gian giao hàng quy định
791,791,J&T Express,JT0007914086,2024-07-10,2024-07-16,Delivered,
792,792,Giao Hàng Nhanh,GHN0007927620,2024-07-29,2024-08-02,Delivered,
793,793,Giao Hàng Nhanh,GHN0007939148,2024-07-19,2024-07-23,Delivered,
794,794,Viettel Post,VTP0007947361,2024-07-16,2024-07-18,Delivered,
795,795,VNPost,VNP0007954111,2024-07-08,2024-07-15,Delivered,
796,796,VNPost,VNP0007968794,2024-07-04,2024-07-08,Delivered,
797,797,Giao Hàng Tiết Kiệm,GHTK0007973967,2024-07-20,2024-07-22,Delivered,
798,798,J&T Express,JT0007983999,2024-07-30,2024-08-03,Delivered,
799,799,Giao Hàng Tiết Kiệm,GHTK0007996820,2024-07-29,2024-08-05,Delivered,
800,800,Viettel Post,VTP0008006428,2024-07-04,2024-07-08,Delivered,
801,801,Viettel Post,VTP0008012929,2024-07-18,2024-07-20,Delivered,
802,802,VNPost,VNP0008022166,2024-07-28,2024-07-31,Delivered,
803,803,Viettel Post,VTP0008039680,2024-07-20,2024-07-25,Delivered,
804,804,Giao Hàng Tiết Kiệm,GHTK0008043250,2024-07-19,2024-07-23,Delivered,
805,805,VNPost,VNP0008058496,2024-07-22,2024-07-26,Delivered,
806,806,Giao Hàng Tiết Kiệm,GHTK0008062324,2024-07-10,2024-07-14,Delivered,
807,807,Giao Hàng Tiết Kiệm,GHTK0008076134,2024-07-20,2024-07-22,Delivered,
808,808,J&T Express,JT0008084430,2024-07-10,2024-07-16,Delivered,
809,809,Viettel Post,VTP0008092442,2024-07-05,2024-07-11,Delivered,
810,810,Viettel Post,VTP0008107609,2024-07-07,2024-07-12,Delivered,
811,811,Giao Hàng Nhanh,GHN0008119745,2024-08-12,2024-08-19,Delivered,
812,812,Giao Hàng Nhanh,GHN0008126279,2024-08-04,2024-08-07,Delivered,
813,813,Giao Hàng Nhanh,GHN0008135076,2024-08-23,,In Transit,Hàng đang ở bưu cục địa phương
814,814,Giao Hàng Tiết Kiệm,GHTK0008142682,2024-08-29,2024-09-04,Delivered,
815,815,Giao Hàng Tiết Kiệm,GHTK0008152069,2024-08-29,2024-09-02,Failed,Địa chỉ không tồn tại
816,816,VNPost,VNP0008169587,2024-08-15,,In Transit,"Đang trên đường giao, chờ xác nhận"
817,817,J&T Express,JT0008179031,2024-08-20,2024-08-23,Delivered,
818,818,Viettel Post,VTP0008181313,2024-08-07,2024-08-10,Delivered,
819,819,Giao Hàng Tiết Kiệm,GHTK0008194460,2024-08-25,2024-08-27,Delivered,
820,820,Giao Hàng Tiết Kiệm,GHTK0008203017,2024-08-27,2024-09-03,Delivered,
821,821,Giao Hàng Nhanh,GHN0008217147,2024-08-23,,In Transit,"Đang vận chuyển, dự kiến giao trong 1-2 ngày"
822,822,VNPost,VNP0008221785,2024-08-18,2024-08-20,Delivered,
823,823,Giao Hàng Nhanh,GHN0008231790,2024-08-19,2024-08-21,Delivered,
824,824,Viettel Post,VTP0008243024,2024-08-21,2024-08-25,Delivered,
825,825,Giao Hàng Tiết Kiệm,GHTK0008254366,2024-08-29,2024-09-05,Delivered,
826,826,J&T Express,JT0008267895,2024-08-04,2024-08-06,Delivered,
827,827,J&T Express,JT0008273247,2024-08-06,2024-08-08,Delivered,
828,828,VNPost,VNP0008282928,2024-08-06,,In Transit,Đang vận chuyển liên tỉnh
829,829,Giao Hàng Tiết Kiệm,GHTK0008294272,2024-08-19,2024-08-25,Returned,"Giao sai sản phẩm, hoàn trả về kho"
830,830,Viettel Post,VTP0008305839,2024-08-18,2024-08-20,Delivered,
831,831,Giao Hàng Tiết Kiệm,GHTK0008318875,2024-08-13,2024-08-16,Delivered,
832,832,Giao Hàng Nhanh,GHN0008322809,2024-08-22,2024-08-29,Delivered,
833,833,Giao Hàng Nhanh,GHN0008339383,2024-08-20,2024-08-27,Delivered,
834,834,J&T Express,JT0008344787,2024-08-13,2024-08-17,Delivered,
835,835,Giao Hàng Nhanh,GHN0008352635,2024-08-07,,In Transit,Hàng đang ở bưu cục địa phương
836,836,J&T Express,JT0008367979,2024-08-23,2024-08-25,Delivered,
837,837,Giao Hàng Nhanh,GHN0008371158,2024-08-25,2024-09-01,Delivered,
838,838,J&T Express,JT0008386857,2024-08-08,2024-08-14,Delivered,
839,839,Giao Hàng Nhanh,GHN0008397105,2024-08-21,2024-08-24,Delivered,
840,840,Viettel Post,VTP0008408479,2024-08-16,2024-08-21,Delivered,
841,841,Viettel Post,VTP0008417909,2024-08-08,2024-08-11,Delivered,
842,842,Giao Hàng Nhanh,GHN0008423611,2024-08-14,2024-08-19,Failed,Địa chỉ không tồn tại
843,843,VNPost,VNP0008438178,2024-08-06,2024-08-12,Delivered,
844,844,J&T Express,JT0008441472,2024-08-28,2024-09-04,Returned,"Hàng lỗi, khách yêu cầu trả lại"
845,845,Viettel Post,VTP0008458997,2024-08-23,2024-08-28,Delivered,
846,846,Giao Hàng Nhanh,GHN0008465286,2024-08-25,2024-08-29,Delivered,
847,847,VNPost,VNP0008474669,2024-08-23,2024-08-27,Delivered,
848,848,VNPost,VNP0008482560,2024-08-25,2024-09-01,Delivered,
849,849,Viettel Post,VTP0008496664,2024-08-07,2024-08-14,Delivered,
850,850,Giao Hàng Tiết Kiệm,GHTK0008501894,2024-08-09,2024-08-16,Failed,Hàng bị hư hỏng trong quá trình vận chuyển
851,851,Viettel Post,VTP0008519123,2024-08-13,,In Transit,Hàng đang ở bưu cục địa phương
852,852,Giao Hàng Tiết Kiệm,GHTK0008526421,2024-08-21,2024-08-23,Delivered,
853,853,VNPost,VNP0008537203,2024-08-06,2024-08-09,Delivered,
854,854,Viettel Post,VTP0008548341,2024-08-12,2024-08-17,Delivered,
855,855,Giao Hàng Nhanh,GHN0008559148,2024-08-16,2024-08-23,Delivered,
856,856,Viettel Post,VTP0008567755,2024-08-14,2024-08-20,Delivered,
857,857,Giao Hàng Nhanh,GHN0008575990,2024-08-16,2024-08-22,Delivered,
858,858,Viettel Post,VTP0008586584,2024-08-12,,In Transit,Đang vận chuyển liên tỉnh
859,859,J&T Express,JT0008598751,2024-08-07,2024-08-14,Delivered,
860,860,Viettel Post,VTP0008602868,2024-08-10,2024-08-17,Delivered,
861,861,J&T Express,JT0008616818,2024-09-09,,In Transit,Hàng đang ở bưu cục địa phương
862,862,Giao Hàng Nhanh,GHN0008621750,2024-09-05,2024-09-10,Delivered,
863,863,Viettel Post,VTP0008632752,2024-09-10,2024-09-16,Delivered,
864,864,Giao Hàng Nhanh,GHN0008647437,2024-09-17,,Pending,Chờ shipper lấy hàng
865,865,J&T Express,JT0008652765,2024-09-03,2024-09-05,Failed,Quá thời gian giao hàng quy định
866,866,VNPost,VNP0008663018,2024-09-22,,In Transit,"Đang trên đường giao, chờ xác nhận"
867,867,Viettel Post,VTP0008671071,2024-09-28,2024-10-05,Delivered,
868,868,Viettel Post,VTP0008688912,2024-09-11,,In Transit,"Đang trên đường giao, chờ xác nhận"
869,869,Giao Hàng Tiết Kiệm,GHTK0008692696,2024-09-20,,In Transit,Hàng đang ở bưu cục địa phương
870,870,VNPost,VNP0008707302,2024-09-27,2024-10-03,Failed,"Khách hàng vắng nhà, không liên lạc được"
871,871,J&T Express,JT0008717518,2024-09-13,,In Transit,"Đang trên đường giao, chờ xác nhận"
872,872,Giao Hàng Tiết Kiệm,GHTK0008727762,2024-09-21,,Pending,Chờ xếp lịch giao hàng
873,873,J&T Express,JT0008739975,2024-09-30,,In Transit,"Đang trên đường giao, chờ xác nhận"
874,874,Giao Hàng Tiết Kiệm,GHTK0008744435,2024-09-07,2024-09-14,Delivered,
875,875,J&T Express,JT0008753173,2024-09-30,2024-10-07,Failed,"Khách hàng vắng nhà, không liên lạc được"
876,876,VNPost,VNP0008769888,2024-09-28,2024-10-05,Delivered,
877,877,Giao Hàng Nhanh,GHN0008776771,2024-09-06,,In Transit,Đang vận chuyển liên tỉnh
878,878,VNPost,VNP0008785684,2024-09-15,,In Transit,"Đang vận chuyển, dự kiến giao trong 1-2 ngày"
879,879,Viettel Post,VTP0008793381,2024-09-22,2024-09-29,Delivered,
880,880,J&T Express,JT0008803636,2024-09-17,2024-09-24,Delivered,
881,881,Giao Hàng Nhanh,GHN0008815835,2024-09-13,2024-09-19,Delivered,
882,882,Viettel Post,VTP0008822679,2024-09-23,,In Transit,"Đang trên đường giao, chờ xác nhận"
883,883,VNPost,VNP0008837371,2024-09-21,,Pending,Chờ xếp lịch giao hàng
884,884,J&T Express,JT0008841769,2024-09-08,,In Transit,Hàng đang ở bưu cục địa phương
885,885,VNPost,VNP0008851881,2024-09-07,2024-09-14,Delivered,
886,886,VNPost,VNP0008868259,2024-09-10,,In Transit,Hàng đang ở bưu cục địa phương
887,887,VNPost,VNP0008879955,2024-09-27,2024-10-03,Delivered,
888,888,Giao Hàng Tiết Kiệm,GHTK0008885819,2024-09-08,2024-09-11,Failed,Sai địa chỉ giao hàng
889,889,Giao Hàng Tiết Kiệm,GHTK0008893847,2024-09-19,2024-09-25,Delivered,
890,890,Giao Hàng Nhanh,GHN0008908020,2024-09-06,2024-09-12,Delivered,
891,891,Giao Hàng Tiết Kiệm,GHTK0008915178,2024-09-16,,In Transit,"Đang trên đường giao, chờ xác nhận"
892,892,Giao Hàng Nhanh,GHN0008923518,2024-09-06,2024-09-12,Delivered,
893,893,VNPost,VNP0008935934,2024-09-09,,In Transit,"Đang vận chuyển, dự kiến giao trong 1-2 ngày"
894,894,J&T Express,JT0008949608,2024-09-29,,In Transit,"Đang trên đường giao, chờ xác nhận"
895,895,Viettel Post,VTP0008959897,2024-09-30,2024-10-05,Delivered,
896,896,Giao Hàng Tiết Kiệm,GHTK0008964495,2024-09-14,2024-09-18,Delivered,
897,897,J&T Express,JT0008974579,2024-09-25,,In Transit,"Đang vận chuyển, dự kiến giao trong 1-2 ngày"
898,898,Giao Hàng Nhanh,GHN0008986668,2024-09-23,2024-09-26,Failed,Hàng bị hư hỏng trong quá trình vận chuyển
899,899,VNPost,VNP0008994994,2024-09-06,,Pending,"Đã tạo vận đơn, chờ bàn giao cho đơn vị vận chuyển"
900,900,Giao Hàng Nhanh,GHN0009007322,2024-09-28,,In Transit,"Đang vận chuyển, dự kiến giao trong 1-2 ngày"
901,901,VNPost,VNP0009017143,2024-09-23,,In Transit,"Đang vận chuyển, dự kiến giao trong 1-2 ngày"
902,902,J&T Express,JT0009024154,2024-09-14,2024-09-20,Delivered,
903,903,Giao Hàng Nhanh,GHN0009033742,2024-09-07,2024-09-13,Delivered,
904,904,Giao Hàng Nhanh,GHN0009044453,2024-09-07,,Pending,Chờ xếp lịch giao hàng
905,905,Viettel Post,VTP0009052702,2024-09-07,,Pending,Chờ xếp lịch giao hàng
906,906,Viettel Post,VTP0009062181,2024-09-08,2024-09-15,Delivered,
907,907,Viettel Post,VTP0009076434,2024-09-03,2024-09-05,Delivered,
908,908,Giao Hàng Tiết Kiệm,GHTK0009085127,2024-09-19,,In Transit,"Đang trên đường giao, chờ xác nhận"
909,909,J&T Express,JT0009097678,2024-09-13,,In Transit,Đang vận chuyển liên tỉnh
910,910,J&T Express,JT0009101276,2024-09-04,2024-09-11,Delivered,
911,911,Giao Hàng Nhanh,GHN0009112036,2024-09-04,2024-09-10,Delivered,
